<?xml version="1.0"?>
<!--<!DOCTYPE metadata SYSTEM "http://www.esri.com/metadata/esriprof80.dtd">-->
<metadata xml:lang="fr"><Esri><CreaDate>20121207</CreaDate><CreaTime>12184700</CreaTime><SyncOnce>TRUE</SyncOnce><MetaID>{FF5A5FC0-C65D-44DD-AB1B-139D150954AB}</MetaID></Esri><idinfo><citation><citeinfo><onlink Sync="TRUE">\\marron\Personnel\Ae\Pelletier\REF_GEO\ZDS\ZDS_63_43_RGF93\De_Fanny_ZoneCentrale\RRP_43</onlink></citeinfo></citation></idinfo><distInfo><distributor><distorTran><onLineSrc><linkage Sync="TRUE">file://\\marron\Personnel\Ae\Pelletier\REF_GEO\ZDS\ZDS_63_43_RGF93\De_Fanny_ZoneCentrale\RRP_43</linkage><protocol Sync="TRUE">Local Area Network</protocol></onLineSrc></distorTran></distributor></distInfo><dataqual><lineage><procstep><procdesc Sync="TRUE">Jeu de données copié.</procdesc><srcused Sync="TRUE">P:\Ae\RRP_ZDS_63_43\UC_250_ZDS_63-43\RRP_43</srcused><procdate Sync="TRUE">20121207</procdate><proctime Sync="TRUE">12184700</proctime></procstep></lineage></dataqual></metadata>
