<metadata xml:lang="fr"><Esri><CreaDate>20210702</CreaDate><CreaTime>15135900</CreaTime><ArcGISFormat>1.0</ArcGISFormat><SyncOnce>FALSE</SyncOnce><DataProperties><lineage><Process ToolSource="c:\program files (x86)\arcgis\desktop10.8\ArcToolbox\Toolboxes\Data Management Tools.tbx\RepairGeometry" Date="20210702" Time="151359">RepairGeometry 30148_2021_CORRECTIONCM_5 DELETE_NULL</Process><Process ToolSource="c:\program files (x86)\arcgis\desktop10.8\ArcToolbox\Toolboxes\Conversion Tools.tbx\FeatureClassToFeatureClass" Date="20210702" Time="151626">FeatureClassToFeatureClass D:\selehmann\sig\pedo\250\30148\sources\etape_14_2021_07_02\30148_2021_CORRECTIONCM_5.shp D:\selehmann\sig\pedo\250\30148\sources\arcp_30148\arcp_30148.gdb\L93 T_30148_2 # "Shape_Leng "Shape_Leng" true true false 24 Double 15 23 ,First,#,D:\selehmann\sig\pedo\250\30148\sources\etape_14_2021_07_02\30148_2021_CORRECTIONCM_5.shp,Shape_Leng,-1,-1;Shape_Area "Shape_Area" true true false 24 Double 15 23 ,First,#,D:\selehmann\sig\pedo\250\30148\sources\etape_14_2021_07_02\30148_2021_CORRECTIONCM_5.shp,Shape_Area,-1,-1;NO_UCS "NO_UCS" true true false 10 Long 0 10 ,First,#,D:\selehmann\sig\pedo\250\30148\sources\etape_14_2021_07_02\30148_2021_CORRECTIONCM_5.shp,NO_UCS,-1,-1;NO_ETUDE "NO_ETUDE" true true false 10 Long 0 10 ,First,#,D:\selehmann\sig\pedo\250\30148\sources\etape_14_2021_07_02\30148_2021_CORRECTIONCM_5.shp,NO_ETUDE,-1,-1;Domaine "Domaine" true true false 10 Long 0 10 ,First,#,D:\selehmann\sig\pedo\250\30148\sources\etape_14_2021_07_02\30148_2021_CORRECTIONCM_5.shp,Domaine,-1,-1;ALTI_minim "ALTI_minim" true true false 24 Double 15 23 ,First,#,D:\selehmann\sig\pedo\250\30148\sources\etape_14_2021_07_02\30148_2021_CORRECTIONCM_5.shp,ALTI_minim,-1,-1;ALTI_maxim "ALTI_maxim" true true false 24 Double 15 23 ,First,#,D:\selehmann\sig\pedo\250\30148\sources\etape_14_2021_07_02\30148_2021_CORRECTIONCM_5.shp,ALTI_maxim,-1,-1;ALTI_avera "ALTI_avera" true true false 24 Double 15 23 ,First,#,D:\selehmann\sig\pedo\250\30148\sources\etape_14_2021_07_02\30148_2021_CORRECTIONCM_5.shp,ALTI_avera,-1,-1;ALTI_media "ALTI_media" true true false 24 Double 15 23 ,First,#,D:\selehmann\sig\pedo\250\30148\sources\etape_14_2021_07_02\30148_2021_CORRECTIONCM_5.shp,ALTI_media,-1,-1;PENTE_mini "PENTE_mini" true true false 24 Double 15 23 ,First,#,D:\selehmann\sig\pedo\250\30148\sources\etape_14_2021_07_02\30148_2021_CORRECTIONCM_5.shp,PENTE_mini,-1,-1;PENTE_maxi "PENTE_maxi" true true false 24 Double 15 23 ,First,#,D:\selehmann\sig\pedo\250\30148\sources\etape_14_2021_07_02\30148_2021_CORRECTIONCM_5.shp,PENTE_maxi,-1,-1;PENTE_aver "PENTE_aver" true true false 24 Double 15 23 ,First,#,D:\selehmann\sig\pedo\250\30148\sources\etape_14_2021_07_02\30148_2021_CORRECTIONCM_5.shp,PENTE_aver,-1,-1;PENTE_medi "PENTE_medi" true true false 24 Double 15 23 ,First,#,D:\selehmann\sig\pedo\250\30148\sources\etape_14_2021_07_02\30148_2021_CORRECTIONCM_5.shp,PENTE_medi,-1,-1;SURFACE "SURFACE" true true false 11 Double 3 10 ,First,#,D:\selehmann\sig\pedo\250\30148\sources\etape_14_2021_07_02\30148_2021_CORRECTIONCM_5.shp,SURFACE,-1,-1" #</Process><Process ToolSource="c:\program files (x86)\arcgis\desktop10.8\ArcToolbox\Toolboxes\Data Management Tools.tbx\MultipartToSinglepart" Date="20210702" Time="161801">MultipartToSinglepart T_30148_2 D:\selehmann\sig\pedo\250\30148\sources\arcp_30148\arcp_30148.gdb\L93\T_30148_2_single</Process><Process ToolSource="c:\program files (x86)\arcgis\desktop10.8\ArcToolbox\Toolboxes\Data Management Tools.tbx\Eliminate" Date="20210702" Time="162034">Eliminate T_30148_2_single D:\selehmann\sig\pedo\250\30148\sources\arcp_30148\arcp_30148.gdb\L93\T_30148_2_1_elim LENGTH # #</Process><Process ToolSource="c:\program files (x86)\arcgis\desktop10.8\ArcToolbox\Toolboxes\Conversion Tools.tbx\FeatureClassToFeatureClass" Date="20210705" Time="115719">FeatureClassToFeatureClass D:\selehmann\sig\pedo\250\30148\sources\arcp_30148\arcp_30148.gdb\L93\T_30148_2_1_elim D:\selehmann\sig\pedo\250\30148\exports\2021_07_05 E_30148_2021_07_05.shp # "Shape_Leng "Shape_Leng" true true false 8 Double 0 0 ,First,#,D:\selehmann\sig\pedo\250\30148\sources\arcp_30148\arcp_30148.gdb\L93\T_30148_2_1_elim,Shape_Leng,-1,-1;NO_UCS "NO_UCS" true true false 4 Long 0 0 ,First,#,D:\selehmann\sig\pedo\250\30148\sources\arcp_30148\arcp_30148.gdb\L93\T_30148_2_1_elim,NO_UCS,-1,-1;NO_ETUDE "NO_ETUDE" true true false 4 Long 0 0 ,First,#,D:\selehmann\sig\pedo\250\30148\sources\arcp_30148\arcp_30148.gdb\L93\T_30148_2_1_elim,NO_ETUDE,-1,-1;Domaine "Domaine" true true false 4 Long 0 0 ,First,#,D:\selehmann\sig\pedo\250\30148\sources\arcp_30148\arcp_30148.gdb\L93\T_30148_2_1_elim,Domaine,-1,-1;ALTI_minim "ALTI_minim" true true false 8 Double 0 0 ,First,#,D:\selehmann\sig\pedo\250\30148\sources\arcp_30148\arcp_30148.gdb\L93\T_30148_2_1_elim,ALTI_minim,-1,-1;ALTI_maxim "ALTI_maxim" true true false 8 Double 0 0 ,First,#,D:\selehmann\sig\pedo\250\30148\sources\arcp_30148\arcp_30148.gdb\L93\T_30148_2_1_elim,ALTI_maxim,-1,-1;ALTI_avera "ALTI_avera" true true false 8 Double 0 0 ,First,#,D:\selehmann\sig\pedo\250\30148\sources\arcp_30148\arcp_30148.gdb\L93\T_30148_2_1_elim,ALTI_avera,-1,-1;ALTI_media "ALTI_media" true true false 8 Double 0 0 ,First,#,D:\selehmann\sig\pedo\250\30148\sources\arcp_30148\arcp_30148.gdb\L93\T_30148_2_1_elim,ALTI_media,-1,-1;PENTE_mini "PENTE_mini" true true false 8 Double 0 0 ,First,#,D:\selehmann\sig\pedo\250\30148\sources\arcp_30148\arcp_30148.gdb\L93\T_30148_2_1_elim,PENTE_mini,-1,-1;PENTE_maxi "PENTE_maxi" true true false 8 Double 0 0 ,First,#,D:\selehmann\sig\pedo\250\30148\sources\arcp_30148\arcp_30148.gdb\L93\T_30148_2_1_elim,PENTE_maxi,-1,-1;PENTE_aver "PENTE_aver" true true false 8 Double 0 0 ,First,#,D:\selehmann\sig\pedo\250\30148\sources\arcp_30148\arcp_30148.gdb\L93\T_30148_2_1_elim,PENTE_aver,-1,-1;PENTE_medi "PENTE_medi" true true false 8 Double 0 0 ,First,#,D:\selehmann\sig\pedo\250\30148\sources\arcp_30148\arcp_30148.gdb\L93\T_30148_2_1_elim,PENTE_medi,-1,-1;SURFACE "SURFACE" true true false 8 Double 0 0 ,First,#,D:\selehmann\sig\pedo\250\30148\sources\arcp_30148\arcp_30148.gdb\L93\T_30148_2_1_elim,SURFACE,-1,-1;ORIG_FID "ORIG_FID" true true false 4 Long 0 0 ,First,#,D:\selehmann\sig\pedo\250\30148\sources\arcp_30148\arcp_30148.gdb\L93\T_30148_2_1_elim,ORIG_FID,-1,-1;Shape_Le_1 "Shape_Le_1" false true true 8 Double 0 0 ,First,#,D:\selehmann\sig\pedo\250\30148\sources\arcp_30148\arcp_30148.gdb\L93\T_30148_2_1_elim,Shape_Length,-1,-1;Shape_Area "Shape_Area" false true true 8 Double 0 0 ,First,#,D:\selehmann\sig\pedo\250\30148\sources\arcp_30148\arcp_30148.gdb\L93\T_30148_2_1_elim,Shape_Area,-1,-1" #</Process></lineage><itemProps><itemName Sync="TRUE">E_30148_2021_07_05</itemName><imsContentType Sync="TRUE">002</imsContentType><itemLocation><linkage Sync="TRUE">file://\\ORL-91TH9Y2\D$\selehmann\sig\pedo\250\30148\exports\2021_07_05\E_30148_2021_07_05.shp</linkage><protocol Sync="TRUE">Local Area Network</protocol></itemLocation><itemSize Sync="TRUE">0.000</itemSize></itemProps><coordRef><type Sync="TRUE">Projected</type><geogcsn Sync="TRUE">GCS_RGF_1993</geogcsn><csUnits Sync="TRUE">Linear Unit: Meter (1.000000)</csUnits><projcsn Sync="TRUE">RGF_1993_Lambert_93</projcsn><peXml Sync="TRUE">&lt;ProjectedCoordinateSystem xsi:type='typens:ProjectedCoordinateSystem' xmlns:xsi='http://www.w3.org/2001/XMLSchema-instance' xmlns:xs='http://www.w3.org/2001/XMLSchema' xmlns:typens='http://www.esri.com/schemas/ArcGIS/10.8'&gt;&lt;WKT&gt;PROJCS[&amp;quot;RGF_1993_Lambert_93&amp;quot;,GEOGCS[&amp;quot;GCS_RGF_1993&amp;quot;,DATUM[&amp;quot;D_RGF_1993&amp;quot;,SPHEROID[&amp;quot;GRS_1980&amp;quot;,6378137.0,298.257222101]],PRIMEM[&amp;quot;Greenwich&amp;quot;,0.0],UNIT[&amp;quot;Degree&amp;quot;,0.0174532925199433]],PROJECTION[&amp;quot;Lambert_Conformal_Conic&amp;quot;],PARAMETER[&amp;quot;False_Easting&amp;quot;,700000.0],PARAMETER[&amp;quot;False_Northing&amp;quot;,6600000.0],PARAMETER[&amp;quot;Central_Meridian&amp;quot;,3.0],PARAMETER[&amp;quot;Standard_Parallel_1&amp;quot;,44.0],PARAMETER[&amp;quot;Standard_Parallel_2&amp;quot;,49.0],PARAMETER[&amp;quot;Latitude_Of_Origin&amp;quot;,46.5],UNIT[&amp;quot;Meter&amp;quot;,1.0],AUTHORITY[&amp;quot;EPSG&amp;quot;,2154]]&lt;/WKT&gt;&lt;XOrigin&gt;-35597500&lt;/XOrigin&gt;&lt;YOrigin&gt;-23641900&lt;/YOrigin&gt;&lt;XYScale&gt;124074650.52332792&lt;/XYScale&gt;&lt;ZOrigin&gt;-100000&lt;/ZOrigin&gt;&lt;ZScale&gt;10000&lt;/ZScale&gt;&lt;MOrigin&gt;-100000&lt;/MOrigin&gt;&lt;MScale&gt;10000&lt;/MScale&gt;&lt;XYTolerance&gt;0.001&lt;/XYTolerance&gt;&lt;ZTolerance&gt;0.001&lt;/ZTolerance&gt;&lt;MTolerance&gt;0.001&lt;/MTolerance&gt;&lt;HighPrecision&gt;true&lt;/HighPrecision&gt;&lt;WKID&gt;102110&lt;/WKID&gt;&lt;LatestWKID&gt;2154&lt;/LatestWKID&gt;&lt;/ProjectedCoordinateSystem&gt;</peXml></coordRef></DataProperties><SyncDate>20210705</SyncDate><SyncTime>11571700</SyncTime><ModDate>20210705</ModDate><ModTime>11571700</ModTime></Esri><dataIdInfo><envirDesc Sync="TRUE"> Version 6.2 (Build 9200) ; Esri ArcGIS 10.8.0.12790</envirDesc><dataLang><languageCode value="fra" Sync="TRUE"></languageCode><countryCode value="FRA" Sync="TRUE"></countryCode></dataLang><idCitation><resTitle Sync="TRUE">E_30148_2021_07_05</resTitle><presForm><PresFormCd value="005" Sync="TRUE"></PresFormCd></presForm></idCitation><spatRpType><SpatRepTypCd value="001" Sync="TRUE"></SpatRepTypCd></spatRpType></dataIdInfo><mdLang><languageCode value="fra" Sync="TRUE"></languageCode><countryCode value="FRA" Sync="TRUE"></countryCode></mdLang><distInfo><distFormat><formatName Sync="TRUE">Fichier de formes</formatName></distFormat><distTranOps><transSize Sync="TRUE">0.000</transSize></distTranOps></distInfo><mdHrLv><ScopeCd value="005" Sync="TRUE"></ScopeCd></mdHrLv><mdHrLvName Sync="TRUE">dataset</mdHrLvName><refSysInfo><RefSystem><refSysID><identCode code="2154" Sync="TRUE"></identCode><idCodeSpace Sync="TRUE">EPSG</idCodeSpace><idVersion Sync="TRUE">6.16(9.0.0)</idVersion></refSysID></RefSystem></refSysInfo><spatRepInfo><VectSpatRep><geometObjs Name="E_30148_2021_07_05"><geoObjTyp><GeoObjTypCd value="002" Sync="TRUE"></GeoObjTypCd></geoObjTyp><geoObjCnt Sync="TRUE">0</geoObjCnt></geometObjs><topLvl><TopoLevCd value="001" Sync="TRUE"></TopoLevCd></topLvl></VectSpatRep></spatRepInfo><spdoinfo><ptvctinf><esriterm Name="E_30148_2021_07_05"><efeatyp Sync="TRUE">Simple</efeatyp><efeageom code="4" Sync="TRUE"></efeageom><esritopo Sync="TRUE">FALSE</esritopo><efeacnt Sync="TRUE">0</efeacnt><spindex Sync="TRUE">FALSE</spindex><linrefer Sync="TRUE">FALSE</linrefer></esriterm></ptvctinf></spdoinfo><eainfo><detailed Name="E_30148_2021_07_05"><enttyp><enttypl Sync="TRUE">E_30148_2021_07_05</enttypl><enttypt Sync="TRUE">Feature Class</enttypt><enttypc Sync="TRUE">0</enttypc></enttyp><attr><attrlabl Sync="TRUE">FID</attrlabl><attalias Sync="TRUE">FID</attalias><attrtype Sync="TRUE">OID</attrtype><attwidth Sync="TRUE">4</attwidth><atprecis Sync="TRUE">0</atprecis><attscale Sync="TRUE">0</attscale><attrdef Sync="TRUE">Internal feature number.</attrdef><attrdefs Sync="TRUE">Esri</attrdefs><attrdomv><udom Sync="TRUE">Sequential unique whole numbers that are automatically generated.</udom></attrdomv></attr><attr><attrlabl Sync="TRUE">Shape</attrlabl><attalias Sync="TRUE">Shape</attalias><attrtype Sync="TRUE">Geometry</attrtype><attwidth Sync="TRUE">0</attwidth><atprecis Sync="TRUE">0</atprecis><attscale Sync="TRUE">0</attscale><attrdef Sync="TRUE">Feature geometry.</attrdef><attrdefs Sync="TRUE">Esri</attrdefs><attrdomv><udom Sync="TRUE">Coordinates defining the features.</udom></attrdomv></attr><attr><attrlabl Sync="TRUE">Shape_Leng</attrlabl><attalias Sync="TRUE">Shape_Leng</attalias><attrtype Sync="TRUE">Double</attrtype><attwidth Sync="TRUE">19</attwidth><atprecis Sync="TRUE">0</atprecis><attscale Sync="TRUE">0</attscale></attr><attr><attrlabl Sync="TRUE">NO_UCS</attrlabl><attalias Sync="TRUE">NO_UCS</attalias><attrtype Sync="TRUE">Integer</attrtype><attwidth Sync="TRUE">10</attwidth><atprecis Sync="TRUE">10</atprecis><attscale Sync="TRUE">0</attscale></attr><attr><attrlabl Sync="TRUE">NO_ETUDE</attrlabl><attalias Sync="TRUE">NO_ETUDE</attalias><attrtype Sync="TRUE">Integer</attrtype><attwidth Sync="TRUE">10</attwidth><atprecis Sync="TRUE">10</atprecis><attscale Sync="TRUE">0</attscale></attr><attr><attrlabl Sync="TRUE">Domaine</attrlabl><attalias Sync="TRUE">Domaine</attalias><attrtype Sync="TRUE">Integer</attrtype><attwidth Sync="TRUE">10</attwidth><atprecis Sync="TRUE">10</atprecis><attscale Sync="TRUE">0</attscale></attr><attr><attrlabl Sync="TRUE">ALTI_minim</attrlabl><attalias Sync="TRUE">ALTI_minim</attalias><attrtype Sync="TRUE">Double</attrtype><attwidth Sync="TRUE">19</attwidth><atprecis Sync="TRUE">0</atprecis><attscale Sync="TRUE">0</attscale></attr><attr><attrlabl Sync="TRUE">ALTI_maxim</attrlabl><attalias Sync="TRUE">ALTI_maxim</attalias><attrtype Sync="TRUE">Double</attrtype><attwidth Sync="TRUE">19</attwidth><atprecis Sync="TRUE">0</atprecis><attscale Sync="TRUE">0</attscale></attr><attr><attrlabl Sync="TRUE">ALTI_avera</attrlabl><attalias Sync="TRUE">ALTI_avera</attalias><attrtype Sync="TRUE">Double</attrtype><attwidth Sync="TRUE">19</attwidth><atprecis Sync="TRUE">0</atprecis><attscale Sync="TRUE">0</attscale></attr><attr><attrlabl Sync="TRUE">ALTI_media</attrlabl><attalias Sync="TRUE">ALTI_media</attalias><attrtype Sync="TRUE">Double</attrtype><attwidth Sync="TRUE">19</attwidth><atprecis Sync="TRUE">0</atprecis><attscale Sync="TRUE">0</attscale></attr><attr><attrlabl Sync="TRUE">PENTE_mini</attrlabl><attalias Sync="TRUE">PENTE_mini</attalias><attrtype Sync="TRUE">Double</attrtype><attwidth Sync="TRUE">19</attwidth><atprecis Sync="TRUE">0</atprecis><attscale Sync="TRUE">0</attscale></attr><attr><attrlabl Sync="TRUE">PENTE_maxi</attrlabl><attalias Sync="TRUE">PENTE_maxi</attalias><attrtype Sync="TRUE">Double</attrtype><attwidth Sync="TRUE">19</attwidth><atprecis Sync="TRUE">0</atprecis><attscale Sync="TRUE">0</attscale></attr><attr><attrlabl Sync="TRUE">PENTE_aver</attrlabl><attalias Sync="TRUE">PENTE_aver</attalias><attrtype Sync="TRUE">Double</attrtype><attwidth Sync="TRUE">19</attwidth><atprecis Sync="TRUE">0</atprecis><attscale Sync="TRUE">0</attscale></attr><attr><attrlabl Sync="TRUE">PENTE_medi</attrlabl><attalias Sync="TRUE">PENTE_medi</attalias><attrtype Sync="TRUE">Double</attrtype><attwidth Sync="TRUE">19</attwidth><atprecis Sync="TRUE">0</atprecis><attscale Sync="TRUE">0</attscale></attr><attr><attrlabl Sync="TRUE">SURFACE</attrlabl><attalias Sync="TRUE">SURFACE</attalias><attrtype Sync="TRUE">Double</attrtype><attwidth Sync="TRUE">19</attwidth><atprecis Sync="TRUE">0</atprecis><attscale Sync="TRUE">0</attscale></attr><attr><attrlabl Sync="TRUE">ORIG_FID</attrlabl><attalias Sync="TRUE">ORIG_FID</attalias><attrtype Sync="TRUE">Integer</attrtype><attwidth Sync="TRUE">10</attwidth><atprecis Sync="TRUE">10</atprecis><attscale Sync="TRUE">0</attscale></attr><attr><attrlabl Sync="TRUE">Shape_Le_1</attrlabl><attalias Sync="TRUE">Shape_Le_1</attalias><attrtype Sync="TRUE">Double</attrtype><attwidth Sync="TRUE">19</attwidth><atprecis Sync="TRUE">0</atprecis><attscale Sync="TRUE">0</attscale></attr><attr><attrlabl Sync="TRUE">Shape_Area</attrlabl><attalias Sync="TRUE">Shape_Area</attalias><attrtype Sync="TRUE">Double</attrtype><attwidth Sync="TRUE">19</attwidth><atprecis Sync="TRUE">0</atprecis><attscale Sync="TRUE">0</attscale><attrdef Sync="TRUE">Area of feature in internal units squared.</attrdef><attrdefs Sync="TRUE">Esri</attrdefs><attrdomv><udom Sync="TRUE">Positive real numbers that are automatically generated.</udom></attrdomv></attr></detailed></eainfo><mdDateSt Sync="TRUE">20210705</mdDateSt></metadata>
