<metadata xml:lang="fr"><Esri><CreaDate>20140117</CreaDate><CreaTime>15274100</CreaTime><ArcGISFormat>1.0</ArcGISFormat><SyncOnce>FALSE</SyncOnce><DataProperties><itemProps><itemName Sync="TRUE">rrp_cantal_v2023_01_24</itemName><imsContentType Sync="TRUE">002</imsContentType><itemSize Sync="TRUE">0.000</itemSize><itemLocation><linkage Sync="TRUE">file://\\ORL-91TH9Y2\D$\selehmann\sig\pedo\250\30150\exports\2023_01_24\rrp_cantal_v2023_01_24.shp</linkage><protocol Sync="TRUE">Local Area Network</protocol></itemLocation></itemProps><coordRef><type Sync="TRUE">Projected</type><geogcsn Sync="TRUE">GCS_RGF93</geogcsn><csUnits Sync="TRUE">Linear Unit: Meter (1.000000)</csUnits><projcsn Sync="TRUE">RGF93_Lambert_93</projcsn><peXml Sync="TRUE">&lt;ProjectedCoordinateSystem xsi:type='typens:ProjectedCoordinateSystem' xmlns:xsi='http://www.w3.org/2001/XMLSchema-instance' xmlns:xs='http://www.w3.org/2001/XMLSchema' xmlns:typens='http://www.esri.com/schemas/ArcGIS/3.0.0'&gt;&lt;WKT&gt;PROJCS[&amp;quot;RGF93_Lambert_93&amp;quot;,GEOGCS[&amp;quot;GCS_RGF93&amp;quot;,DATUM[&amp;quot;D_RGF_1993&amp;quot;,SPHEROID[&amp;quot;GRS_1980&amp;quot;,6378137.0,298.257222101]],PRIMEM[&amp;quot;Greenwich&amp;quot;,0.0],UNIT[&amp;quot;Degree&amp;quot;,0.0174532925199433]],PROJECTION[&amp;quot;Lambert_Conformal_Conic&amp;quot;],PARAMETER[&amp;quot;false_easting&amp;quot;,700000.0],PARAMETER[&amp;quot;false_northing&amp;quot;,6600000.0],PARAMETER[&amp;quot;central_meridian&amp;quot;,3.0],PARAMETER[&amp;quot;standard_parallel_1&amp;quot;,44.0],PARAMETER[&amp;quot;standard_parallel_2&amp;quot;,49.0],PARAMETER[&amp;quot;latitude_of_origin&amp;quot;,46.5],UNIT[&amp;quot;Meter&amp;quot;,1.0]]&lt;/WKT&gt;&lt;XOrigin&gt;-35597500&lt;/XOrigin&gt;&lt;YOrigin&gt;-23641900&lt;/YOrigin&gt;&lt;XYScale&gt;124074650.52332792&lt;/XYScale&gt;&lt;ZOrigin&gt;-100000&lt;/ZOrigin&gt;&lt;ZScale&gt;10000&lt;/ZScale&gt;&lt;MOrigin&gt;-100000&lt;/MOrigin&gt;&lt;MScale&gt;10000&lt;/MScale&gt;&lt;XYTolerance&gt;0.001&lt;/XYTolerance&gt;&lt;ZTolerance&gt;0.001&lt;/ZTolerance&gt;&lt;MTolerance&gt;0.001&lt;/MTolerance&gt;&lt;HighPrecision&gt;true&lt;/HighPrecision&gt;&lt;/ProjectedCoordinateSystem&gt;</peXml></coordRef><lineage><Process ToolSource="c:\program files\arcgis\desktop10.0\ArcToolbox\Toolboxes\Data Management Tools.tbx\Dissolve" Date="20130619" Time="150459">Dissolve COMMUNE "T:\SLehmann\ign_espace_pro\BD_topo\Auvergne dep-03-43-63\BDTOPO_03\BDTOPO-03\BDTOPO\1_DONNEES_LIVRAISON_2011-12-00477\BDT_2-1_SHP_LAMB93_D003-ED113\H_ADMINISTRATIF\dep_03_all.shp" DEPART # MULTI_PART DISSOLVE_LINES</Process><Process ToolSource="c:\program files (x86)\arcgis\desktop10.1\ArcToolbox\Toolboxes\Analysis Tools.tbx\Union" Date="20131105" Time="151401">Union "'Nouveau groupe de couches\dep_03' #;'Nouveau groupe de couches\dep_05' #;'Nouveau groupe de couches\dep_06' #;'Nouveau groupe de couches\dep_07' #;'Nouveau groupe de couches\dep_08' #;'Nouveau groupe de couches\dep_09' #;'Nouveau groupe de couches\dep_10' #;'Nouveau groupe de couches\dep_11' #;'Nouveau groupe de couches\dep_12' #;'Nouveau groupe de couches\dep_13' #;'Nouveau groupe de couches\dep_14' #;'Nouveau groupe de couches\dep_15' #;'Nouveau groupe de couches\dep_16' #;'Nouveau groupe de couches\dep_17' #;'Nouveau groupe de couches\dep_18' #;'Nouveau groupe de couches\dep_19' #;'Nouveau groupe de couches\dep_21' #;'Nouveau groupe de couches\dep_22' #;'Nouveau groupe de couches\dep_23' #;'Nouveau groupe de couches\dep_24' #;'Nouveau groupe de couches\dep_25' #;'Nouveau groupe de couches\dep_26' #;'Nouveau groupe de couches\dep_27' #;'Nouveau groupe de couches\dep_28' #;'Nouveau groupe de couches\dep_29' #;'Nouveau groupe de couches\dep_30' #;'Nouveau groupe de couches\dep_31' #;'Nouveau groupe de couches\dep_32' #;'Nouveau groupe de couches\dep_33' #;'Nouveau groupe de couches\dep_34' #;'Nouveau groupe de couches\dep_35' #;'Nouveau groupe de couches\dep_36' #;'Nouveau groupe de couches\dep_37' #;'Nouveau groupe de couches\dep_38' #;'Nouveau groupe de couches\dep_39' #;'Nouveau groupe de couches\dep_40' #;'Nouveau groupe de couches\dep_41' #;'Nouveau groupe de couches\dep_42' #;'Nouveau groupe de couches\dep_43' #;'Nouveau groupe de couches\dep_44' #;'Nouveau groupe de couches\dep_45' #;'Nouveau groupe de couches\dep_46' #;'Nouveau groupe de couches\dep_47' #;'Nouveau groupe de couches\dep_48' #;'Nouveau groupe de couches\dep_49' #;'Nouveau groupe de couches\dep_50' #;'Nouveau groupe de couches\dep_51' #;'Nouveau groupe de couches\dep_52' #;'Nouveau groupe de couches\dep_53' #;'Nouveau groupe de couches\dep_54' #;'Nouveau groupe de couches\dep_55' #;'Nouveau groupe de couches\dep_56' #;'Nouveau groupe de couches\dep_57' #;'Nouveau groupe de couches\dep_58' #;'Nouveau groupe de couches\dep_59' #;'Nouveau groupe de couches\dep_60' #;'Nouveau groupe de couches\dep_61' #;'Nouveau groupe de couches\dep_62' #;'Nouveau groupe de couches\dep_63' #;'Nouveau groupe de couches\dep_64' #;'Nouveau groupe de couches\dep_65' #;'Nouveau groupe de couches\dep_66' #;'Nouveau groupe de couches\dep_67' #;'Nouveau groupe de couches\dep_68' #;'Nouveau groupe de couches\dep_69' #;'Nouveau groupe de couches\dep_70' #;'Nouveau groupe de couches\dep_71' #;'Nouveau groupe de couches\dep_72' #;'Nouveau groupe de couches\dep_73' #;'Nouveau groupe de couches\dep_74' #;'Nouveau groupe de couches\dep_75' #;'Nouveau groupe de couches\dep_76' #;'Nouveau groupe de couches\dep_77' #;'Nouveau groupe de couches\dep_78' #;'Nouveau groupe de couches\dep_79' #;'Nouveau groupe de couches\dep_80' #;'Nouveau groupe de couches\dep_81' #;'Nouveau groupe de couches\dep_82' #;'Nouveau groupe de couches\dep_83' #;'Nouveau groupe de couches\dep_84' #;'Nouveau groupe de couches\dep_85' #;'Nouveau groupe de couches\dep_86' #;'Nouveau groupe de couches\dep_87' #;'Nouveau groupe de couches\dep_88' #;'Nouveau groupe de couches\dep_89' #;'Nouveau groupe de couches\dep_90' #;'Nouveau groupe de couches\dep_91' #;'Nouveau groupe de couches\dep_92' #;'Nouveau groupe de couches\dep_93' #;'Nouveau groupe de couches\dep_94' #;'Nouveau groupe de couches\dep_95' #;'Nouveau groupe de couches\dep_02' #;'Nouveau groupe de couches\dep_01' #;'Nouveau groupe de couches\dep_04' #" X:\SIG\pedo\250\31804\dep_france_bdtopo_2.shp ALL # GAPS</Process><Process ToolSource="c:\program files (x86)\arcgis\desktop10.1\ArcToolbox\Toolboxes\Conversion Tools.tbx\FeatureClassToFeatureClass" Date="20140117" Time="111205">FeatureClassToFeatureClass D:\selehmann\gis\demandes_externes\jean_paul_party\bd-topo\all_dep_fr.shp D:\selehmann\gis\demandes_externes\jean_paul_party\bd-topo\bd_topo.gdb dep_fr # "Dep "Dep" true true false 50 Text 0 0 ,First,#,D:\selehmann\gis\demandes_externes\jean_paul_party\bd-topo\all_dep_fr.shp,Dep,-1,-1" #</Process><Process ToolSource="c:\program files (x86)\arcgis\desktop10.1\ArcToolbox\Toolboxes\Conversion Tools.tbx\FeatureClassToFeatureClass" Date="20140117" Time="111331">FeatureClassToFeatureClass D:\selehmann\gis\demandes_externes\jean_paul_party\bd-topo\bd_topo.gdb\dep_fr D:\selehmann\gis\demandes_externes\jean_paul_party\bd-topo\bd_topo.gdb\pedo dep # "Dep "Dep" true true false 50 Text 0 0 ,First,#,D:\selehmann\gis\demandes_externes\jean_paul_party\bd-topo\bd_topo.gdb\dep_fr,Dep,-1,-1;Shape_Length "Shape_Length" false true true 8 Double 0 0 ,First,#,D:\selehmann\gis\demandes_externes\jean_paul_party\bd-topo\bd_topo.gdb\dep_fr,Shape_Length,-1,-1;Shape_Area "Shape_Area" false true true 8 Double 0 0 ,First,#,D:\selehmann\gis\demandes_externes\jean_paul_party\bd-topo\bd_topo.gdb\dep_fr,Shape_Area,-1,-1" #</Process><Process ToolSource="c:\program files (x86)\arcgis\desktop10.1\ArcToolbox\Toolboxes\Data Management Tools.tbx\MultipartToSinglepart" Date="20140117" Time="115723">MultipartToSinglepart dep D:\selehmann\gis\demandes_externes\jean_paul_party\bd-topo\bd_topo.gdb\pedo\dep_multi2</Process><Process ToolSource="c:\program files (x86)\arcgis\desktop10.1\ArcToolbox\Toolboxes\Data Management Tools.tbx\Dissolve" Date="20140117" Time="144951">Dissolve dep_multi2 D:\selehmann\gis\demandes_externes\jean_paul_party\bd-topo\bd_topo.gdb\pedo\dep_4 Dep # MULTI_PART DISSOLVE_LINES</Process><Process ToolSource="c:\program files (x86)\arcgis\desktop10.1\ArcToolbox\Toolboxes\Conversion Tools.tbx\FeatureClassToFeatureClass" Date="20140117" Time="145150">FeatureClassToFeatureClass D:\selehmann\gis\demandes_externes\jean_paul_party\bd-topo\bd_topo.gdb\pedo\dep_4 D:\selehmann\gis\demandes_externes\jean_paul_party\bd-topo DEP_FR_BDTOPO.shp # "Dep "Dep" true true false 50 Text 0 0 ,First,#,D:\selehmann\gis\demandes_externes\jean_paul_party\bd-topo\bd_topo.gdb\pedo\dep_4,Dep,-1,-1;Shape_Leng "Shape_Leng" false true true 8 Double 0 0 ,First,#,D:\selehmann\gis\demandes_externes\jean_paul_party\bd-topo\bd_topo.gdb\pedo\dep_4,Shape_Length,-1,-1;Shape_Area "Shape_Area" false true true 8 Double 0 0 ,First,#,D:\selehmann\gis\demandes_externes\jean_paul_party\bd-topo\bd_topo.gdb\pedo\dep_4,Shape_Area,-1,-1" #</Process><Process ToolSource="c:\program files\arcgis\pro\Resources\ArcToolbox\toolboxes\Analysis Tools.tbx\Identity" Date="20230113" Time="155115">Identity dep_cantal rrp_cantal_v3_1_single "D:\selehmann\sig\pedo\250\MAJ des RRP\MAJ des RRP.gdb\L93_auvergne\rrp_cantal_v3_2_identity" "Tous les attributs" # NO_RELATIONSHIPS</Process><Process ToolSource="c:\program files\arcgis\pro\Resources\ArcToolbox\toolboxes\Data Management Tools.tbx\MultipartToSinglepart" Date="20230113" Time="160001">MultipartToSinglepart rrp_cantal_v3_2_identity "D:\selehmann\sig\pedo\250\MAJ des RRP\MAJ des RRP.gdb\L93_auvergne\rrp_cantal_v3_3_single"</Process><Process ToolSource="c:\program files\arcgis\pro\Resources\ArcToolbox\toolboxes\Data Management Tools.tbx\Eliminate" Date="20230113" Time="163442">Eliminate rrp_cantal_v3_3_single "D:\selehmann\sig\pedo\250\MAJ des RRP\MAJ des RRP.gdb\L93_auvergne\rrp_cantal_v3_4_elim" LENGTH # #</Process><Process ToolSource="c:\program files\arcgis\pro\Resources\ArcToolbox\toolboxes\Data Management Tools.tbx\Dissolve" Date="20230113" Time="170911">Dissolve rrp_cantal_v3_4_elim "D:\selehmann\sig\pedo\250\MAJ des RRP\MAJ des RRP.gdb\L93_auvergne\rrp_cantal_v3_5_fus" NO_UCS # MULTI_PART DISSOLVE_LINES #</Process><Process ToolSource="c:\program files\arcgis\pro\Resources\ArcToolbox\toolboxes\Data Management Tools.tbx\MultipartToSinglepart" Date="20230113" Time="171102">MultipartToSinglepart rrp_cantal_v3_5_fus "D:\selehmann\sig\pedo\250\MAJ des RRP\MAJ des RRP.gdb\L93_auvergne\rrp_cantal_v3_6_single"</Process><Process ToolSource="c:\program files\arcgis\pro\Resources\ArcToolbox\toolboxes\Conversion Tools.tbx\ExportFeatures" Date="20230113" Time="173011">ExportFeatures "D:\selehmann\sig\pedo\250\MAJ des RRP\MAJ des RRP.gdb\L93_auvergne\rrp_cantal_v3_6_single" D:\selehmann\sig\pedo\250\30150\rasters\rrp_cantal_v3_cor.shp # NOT_USE_ALIAS "NO_UCS "NO_UCS" true true false 4 Long 0 0,First,#,D:\selehmann\sig\pedo\250\MAJ des RRP\MAJ des RRP.gdb\L93_auvergne\rrp_cantal_v3_6_single,NO_UCS,-1,-1;ORIG_FID "ORIG_FID" true true false 4 Long 0 0,First,#,D:\selehmann\sig\pedo\250\MAJ des RRP\MAJ des RRP.gdb\L93_auvergne\rrp_cantal_v3_6_single,ORIG_FID,-1,-1;Shape_Length "Shape_Length" false true true 8 Double 0 0,First,#,D:\selehmann\sig\pedo\250\MAJ des RRP\MAJ des RRP.gdb\L93_auvergne\rrp_cantal_v3_6_single,Shape_Length,-1,-1;Shape_Area "Shape_Area" false true true 8 Double 0 0,First,#,D:\selehmann\sig\pedo\250\MAJ des RRP\MAJ des RRP.gdb\L93_auvergne\rrp_cantal_v3_6_single,Shape_Area,-1,-1" #</Process><Process ToolSource="c:\program files\arcgis\pro\Resources\ArcToolbox\toolboxes\Conversion Tools.tbx\ExportFeatures" Date="20230124" Time="152829">ExportFeatures rrp_cantal_v3_cor D:\selehmann\sig\pedo\250\30150\exports\2023_01_24\rrp_cantal_v2023_01_24.shp # NOT_USE_ALIAS "NO_UCS "NO_UCS" true true false 10 Long 0 10,First,#,rrp_cantal_v3_cor,rrp_cantal_v3_cor.NO_UCS,-1,-1;ORIG_FID "ORIG_FID" true true false 10 Long 0 10,First,#,rrp_cantal_v3_cor,rrp_cantal_v3_cor.ORIG_FID,-1,-1;Shape_Leng "Shape_Leng" true true false 19 Double 0 0,First,#,rrp_cantal_v3_cor,rrp_cantal_v3_cor.Shape_Leng,-1,-1;Shape_Area "Shape_Area" true true false 19 Double 0 0,First,#,rrp_cantal_v3_cor,rrp_cantal_v3_cor.Shape_Area,-1,-1;OBJECTID "OBJECTID" false true false 4 Long 0 9,First,#,rrp_cantal_v3_cor,rrp_cantal_v3_cor_recap_ucs_ha.OBJECTID,-1,-1;NO_UCS "NO_UCS" true true false 4 Long 0 0,First,#,rrp_cantal_v3_cor,rrp_cantal_v3_cor_recap_ucs_ha.NO_UCS,-1,-1;FREQUENCY "FREQUENCY" true true false 4 Long 0 0,First,#,rrp_cantal_v3_cor,rrp_cantal_v3_cor_recap_ucs_ha.FREQUENCY,-1,-1;SUM_Shape_Area "SUM_Shape_Area" true true false 8 Double 0 0,First,#,rrp_cantal_v3_cor,rrp_cantal_v3_cor_recap_ucs_ha.SUM_Shape_Area,-1,-1;Surf_ha "Surf_ha" true true false 4 Long 0 0,First,#,rrp_cantal_v3_cor,rrp_cantal_v3_cor_recap_ucs_ha.Surf_ha,-1,-1;ALT_MIN "ALT_MIN" true true false 4 Long 0 0,First,#,rrp_cantal_v3_cor,rrp_cantal_v3_cor_recap_ucs_ha.ALT_MIN,-1,-1;ALT_MAX "ALT_MAX" true true false 4 Long 0 0,First,#,rrp_cantal_v3_cor,rrp_cantal_v3_cor_recap_ucs_ha.ALT_MAX,-1,-1;ALT_MOD "ALT_MOD" true true false 4 Long 0 0,First,#,rrp_cantal_v3_cor,rrp_cantal_v3_cor_recap_ucs_ha.ALT_MOD,-1,-1;NOM_UCS "NOM_UCS" true true false 600 Text 0 0,First,#,rrp_cantal_v3_cor,rrp_cantal_v3_cor_recap_ucs_ha.NOM_UCS,0,600;NO_ETUDE "NO_ETUDE" true true false 4 Long 0 0,First,#,rrp_cantal_v3_cor,rrp_cantal_v3_cor_recap_ucs_ha.NO_ETUDE,-1,-1" #</Process><Process ToolSource="c:\program files\arcgis\pro\Resources\ArcToolbox\toolboxes\Data Management Tools.tbx\DeleteField" Date="20230124" Time="152934">DeleteField rrp_cantal_v2023_01_24 NO_UCS_1 "Supprimer des champs"</Process><Process ToolSource="c:\program files\arcgis\pro\Resources\ArcToolbox\toolboxes\Data Management Tools.tbx\DeleteField" Date="20230124" Time="152951">DeleteField rrp_cantal_v2023_01_24 OBJECTID "Supprimer des champs"</Process><Process ToolSource="c:\program files\arcgis\pro\Resources\ArcToolbox\toolboxes\Data Management Tools.tbx\DeleteField" Date="20230124" Time="153003">DeleteField rrp_cantal_v2023_01_24 SUM_Shape_ "Supprimer des champs"</Process></lineage><copyHistory><copy source="D:\selehmann\gis\demandes_externes\jean_paul_party\bd-topo\export\2014_01_17\DEP_FR_BDTOPO" dest="\\krafla2.orleans.inra.fr\cartobases\basescarto\secteurs\france\all_l93\decoupage_administratif\bd_topo\departements\DEP_FR_BDTOPO" date="20140117" time="15274100"></copy></copyHistory></DataProperties><SyncDate>20230124</SyncDate><SyncTime>15282800</SyncTime><ModDate>20230124</ModDate><ModTime>15282800</ModTime></Esri><dataIdInfo><envirDesc Sync="TRUE">Microsoft Windows 10 Version 10.0 (Build 19044) ; Esri ArcGIS 13.0.0.36056</envirDesc><dataLang><languageCode value="fra" Sync="TRUE"></languageCode><countryCode value="FRA" Sync="TRUE"></countryCode></dataLang><idCitation><resTitle Sync="TRUE">rrp_cantal_v2023_01_24</resTitle><presForm><PresFormCd value="005" Sync="TRUE"></PresFormCd></presForm></idCitation><spatRpType><SpatRepTypCd value="001" Sync="TRUE"></SpatRepTypCd></spatRpType></dataIdInfo><mdLang><languageCode value="fra" Sync="TRUE"></languageCode><countryCode value="FRA" Sync="TRUE"></countryCode></mdLang><mdChar><CharSetCd value="004" Sync="TRUE"></CharSetCd></mdChar><distInfo><distFormat><formatName Sync="TRUE">Shapefile</formatName></distFormat><distTranOps><transSize Sync="TRUE">0.000</transSize></distTranOps></distInfo><mdHrLv><ScopeCd value="005" Sync="TRUE"></ScopeCd></mdHrLv><mdHrLvName Sync="TRUE">dataset</mdHrLvName><refSysInfo><RefSystem><refSysID><identCode code="0" Sync="TRUE"></identCode><idCodeSpace Sync="TRUE">EPSG</idCodeSpace><idVersion Sync="TRUE">7.11.2</idVersion></refSysID></RefSystem></refSysInfo><spatRepInfo><VectSpatRep><geometObjs Name="rrp_cantal_v2023_01_24"><geoObjTyp><GeoObjTypCd value="002" Sync="TRUE"></GeoObjTypCd></geoObjTyp><geoObjCnt Sync="TRUE">0</geoObjCnt></geometObjs><topLvl><TopoLevCd value="001" Sync="TRUE"></TopoLevCd></topLvl></VectSpatRep></spatRepInfo><spdoinfo><ptvctinf><esriterm Name="rrp_cantal_v2023_01_24"><efeatyp Sync="TRUE">Simple</efeatyp><efeageom code="4" Sync="TRUE"></efeageom><esritopo Sync="TRUE">FALSE</esritopo><efeacnt Sync="TRUE">0</efeacnt><spindex Sync="TRUE">FALSE</spindex><linrefer Sync="TRUE">FALSE</linrefer></esriterm></ptvctinf></spdoinfo><eainfo><detailed Name="rrp_cantal_v2023_01_24"><enttyp><enttypl Sync="TRUE">rrp_cantal_v2023_01_24</enttypl><enttypt Sync="TRUE">Feature Class</enttypt><enttypc Sync="TRUE">0</enttypc></enttyp><attr><attrlabl Sync="TRUE">FID</attrlabl><attalias Sync="TRUE">FID</attalias><attrtype Sync="TRUE">OID</attrtype><attwidth Sync="TRUE">4</attwidth><atprecis Sync="TRUE">0</atprecis><attscale Sync="TRUE">0</attscale><attrdef Sync="TRUE">Internal feature number.</attrdef><attrdefs Sync="TRUE">Esri</attrdefs><attrdomv><udom Sync="TRUE">Sequential unique whole numbers that are automatically generated.</udom></attrdomv></attr><attr><attrlabl Sync="TRUE">Shape</attrlabl><attalias Sync="TRUE">Shape</attalias><attrtype Sync="TRUE">Geometry</attrtype><attwidth Sync="TRUE">0</attwidth><atprecis Sync="TRUE">0</atprecis><attscale Sync="TRUE">0</attscale><attrdef Sync="TRUE">Feature geometry.</attrdef><attrdefs Sync="TRUE">ESRI</attrdefs><attrdomv><udom Sync="TRUE">Coordinates defining the features.</udom></attrdomv></attr><attr><attrlabl Sync="TRUE">NO_UCS</attrlabl><attalias Sync="TRUE">NO_UCS</attalias><attrtype Sync="TRUE">Integer</attrtype><attwidth Sync="TRUE">10</attwidth><atprecis Sync="TRUE">10</atprecis><attscale Sync="TRUE">0</attscale></attr><attr><attrlabl Sync="TRUE">ORIG_FID</attrlabl><attalias Sync="TRUE">ORIG_FID</attalias><attrtype Sync="TRUE">Integer</attrtype><attwidth Sync="TRUE">10</attwidth><atprecis Sync="TRUE">10</atprecis><attscale Sync="TRUE">0</attscale></attr><attr><attrlabl Sync="TRUE">Shape_Leng</attrlabl><attalias Sync="TRUE">Shape_Leng</attalias><attrtype Sync="TRUE">Double</attrtype><attwidth Sync="TRUE">19</attwidth><atprecis Sync="TRUE">0</atprecis><attscale Sync="TRUE">0</attscale></attr><attr><attrlabl Sync="TRUE">Shape_Area</attrlabl><attalias Sync="TRUE">Shape_Area</attalias><attrtype Sync="TRUE">Double</attrtype><attwidth Sync="TRUE">19</attwidth><atprecis Sync="TRUE">0</atprecis><attscale Sync="TRUE">0</attscale><attrdef Sync="TRUE">Area of feature in internal units squared.</attrdef><attrdefs Sync="TRUE">Esri</attrdefs><attrdomv><udom Sync="TRUE">Positive real numbers that are automatically generated.</udom></attrdomv></attr><attr><attrlabl Sync="TRUE">OBJECTID</attrlabl><attalias Sync="TRUE">OBJECTID</attalias><attrtype Sync="TRUE">Integer</attrtype><attwidth Sync="TRUE">9</attwidth><atprecis Sync="TRUE">9</atprecis><attscale Sync="TRUE">0</attscale></attr><attr><attrlabl Sync="TRUE">NO_UCS_1</attrlabl><attalias Sync="TRUE">NO_UCS_1</attalias><attrtype Sync="TRUE">Integer</attrtype><attwidth Sync="TRUE">10</attwidth><atprecis Sync="TRUE">10</atprecis><attscale Sync="TRUE">0</attscale></attr><attr><attrlabl Sync="TRUE">FREQUENCY</attrlabl><attalias Sync="TRUE">FREQUENCY</attalias><attrtype Sync="TRUE">Integer</attrtype><attwidth Sync="TRUE">10</attwidth><atprecis Sync="TRUE">10</atprecis><attscale Sync="TRUE">0</attscale></attr><attr><attrlabl Sync="TRUE">SUM_Shape_</attrlabl><attalias Sync="TRUE">SUM_Shape_</attalias><attrtype Sync="TRUE">Double</attrtype><attwidth Sync="TRUE">19</attwidth><atprecis Sync="TRUE">0</atprecis><attscale Sync="TRUE">0</attscale></attr><attr><attrlabl Sync="TRUE">Surf_ha</attrlabl><attalias Sync="TRUE">Surf_ha</attalias><attrtype Sync="TRUE">Integer</attrtype><attwidth Sync="TRUE">10</attwidth><atprecis Sync="TRUE">10</atprecis><attscale Sync="TRUE">0</attscale></attr><attr><attrlabl Sync="TRUE">ALT_MIN</attrlabl><attalias Sync="TRUE">ALT_MIN</attalias><attrtype Sync="TRUE">Integer</attrtype><attwidth Sync="TRUE">10</attwidth><atprecis Sync="TRUE">10</atprecis><attscale Sync="TRUE">0</attscale></attr><attr><attrlabl Sync="TRUE">ALT_MAX</attrlabl><attalias Sync="TRUE">ALT_MAX</attalias><attrtype Sync="TRUE">Integer</attrtype><attwidth Sync="TRUE">10</attwidth><atprecis Sync="TRUE">10</atprecis><attscale Sync="TRUE">0</attscale></attr><attr><attrlabl Sync="TRUE">ALT_MOD</attrlabl><attalias Sync="TRUE">ALT_MOD</attalias><attrtype Sync="TRUE">Integer</attrtype><attwidth Sync="TRUE">10</attwidth><atprecis Sync="TRUE">10</atprecis><attscale Sync="TRUE">0</attscale></attr><attr><attrlabl Sync="TRUE">NOM_UCS</attrlabl><attalias Sync="TRUE">NOM_UCS</attalias><attrtype Sync="TRUE">String</attrtype><attwidth Sync="TRUE">254</attwidth><atprecis Sync="TRUE">0</atprecis><attscale Sync="TRUE">0</attscale></attr><attr><attrlabl Sync="TRUE">NO_ETUDE</attrlabl><attalias Sync="TRUE">NO_ETUDE</attalias><attrtype Sync="TRUE">Integer</attrtype><attwidth Sync="TRUE">10</attwidth><atprecis Sync="TRUE">10</atprecis><attscale Sync="TRUE">0</attscale></attr></detailed></eainfo><mdDateSt Sync="TRUE">20230124</mdDateSt></metadata>
