"id_codage";"definition";"comm";"type_tri"
"272";"Codage pour les départements administratifs français";"";"TEXT"
"1";"Codage pour ""Type de cellule""";"";""
"2";"Codage pour ""Nature de document""";"";""
"3";"Codage pour ""Disponibilité légale du document""";"";""
"5";"Codage pour ""Etat d'avancement de l'etude""";"";""
"6";"Codage pour ""Etat des levés de l'étude""";"";""
"7";"Codage pour ""Nature du programme IGCS dans lequel s'inscrit l'étude""";"";""
"8";"Codage pour ""Régularité de la limite inférieure (c’est-à-dire avec l’horizon sous-jacent) de l’horizon.""";"";""
"9";"Codage pour ""Appréciation de l’état d’humidité de l’horizon au moment de la description.""";"";""
"10";"Codage pour ""Taille du sable de l’horizon.""";"";""
"11";"Codage pour ""Dimension des éléments grossiers principaux de l’horizon.""";"";""
"273";"Codage pour la validité d'une étude";"";""
"13";"Codage pour ""Acidité des éléments grossiers principaux dans l’horizon.""";"";""
"15";"Codage pour ""Type de transformation des éléments grossiers principaux de l’horizon.""";"";""
"17";"Codage pour ""Forme générale des éléments grossiers principaux de l’horizon.""";"";""
"19";"Codage pour ""Intensité de l’effervescence de l’horizon.""";"";""
"20";"Codage pour ""Localisation de l’effervescence dans l’horizon.""";"";""
"22";"Codage pour ""Type de structure principale de l’horizon.""";"";""
"23";"Codage pour ""Netteté de la structure principale de l’horizon.""";"";""
"28";"Codage pour ""Netteté de la structure secondaire de l’horizon.""";"";""
"29";"Codage pour ""Nature des revêtements principaux éventuellement observés dans l’horizon.""";"";""
"31";"Codage pour ""Recouvrement des revêtements principaux observés dans l’horizon.""";"";""
"33";"Codage pour ""Epaisseur des revêtements principaux observés dans l’horizon.""";"";""
"35";"Codage pour ""Localisation des revêtements principaux observés dans l’horizon.""";"";""
"37";"Codage pour ""Aspect des faces des agrégats de l’horizon.""";"";""
"38";"Codage pour ""Abondance des taches principales de l’horizon (en % de recouvrement).""";"";""
"39";"Codage pour ""Netteté de la limite de changement de couleur entre les taches principales et la matrice de l’horizon.""";"";""
"40";"Codage pour ""Dimension des taches principales de l’horizon.""";"";""
"41";"Codage pour ""Forme générale des taches principales de l’horizon.""";"";""
"42";"Codage pour ""Contraste des taches principales de l’horizon.""";"";""
"43";"Codage pour ""Distribution des taches principales dans l’horizon.""";"";""
"56";"Codage pour ""Abondance des racines dans l’horizon.""";"";""
"57";"Codage pour ""Diamètre des racines principales de l’horizon.""";"";""
"59";"Codage pour ""Type de pénétration des racines principales dans l’horizon""";"";""
"61";"Codage pour ""Observation de l’état sanitaire des racines principales de l’horizon, afin de déterminer leur activité.""";"";""
"63";"Codage pour ""Forme des racines principales de l’horizon.""";"";""
"65";"Codage pour ""Répartition des racines principales au sein de l’horizon.""";"";""
"67";"Codage pour ""Abondance de la matière organique dans l’horizon""";"";""
"68";"Codage pour ""Disposition des fentes de l’horizon.""";"";""
"69";"Codage pour ""Abondance des pores des agrégats de l’horizon.""";"";""
"70";"Codage pour ""Dimension des pores  des agrégats de l’horizon.""";"";""
"71";"Codage pour ""Vacuité ou porosité totale de l’horizon.""";"";""
"72";"Codage pour ""Densité des conduits de vers de l’horizon.""";"";""
"73";"Codage pour ""Aspect des conduits de vers de l’horizon.""";"";""
"74";"Codage pour ""Abondance des traces d'activité biologique dans l’horizon.""";"";""
"75";"Codage pour ""Abondance des cristaux de l’horizon.""";"";""
"76";"Codage pour ""Dimension des cristaux de l’horizon.""";"";""
"77";"Codage pour ""Nature des cristaux de l'horizon""";"";""
"78";"Codage pour ""Nature des ciments de l’horizon.""";"";""
"79";"Codage pour ""Epaisseur des ciments de l’horizon.""";"";""
"80";"Codage pour ""Dureté des ciments de l’horizon.""";"";""
"81";"Codage pour ""Structure des ciments ou des accumulations de l’horizon.""";"";""
"82";"Codage pour ""Type de nodules principaux de l’horizon.""";"";""
"84";"Codage pour ""Nature des nodules principaux de l’horizon.""";"";""
"85";"Codage pour ""Dureté des nodules principaux de l’horizon.""";"";""
"88";"Codage pour ""Dimension des nodules principaux de l’horizon.""";"";""
"90";"Codage pour ""Forme des nodules la plus souvent rencontrée dans l’horizon.""";"";""
"92";"Codage pour ""Abondance des nodules principaux dans l’horizon (en %).""";"";""
"94";"Codage pour ""Compacité de l’horizon.""";"";""
"95";"Codage pour ""Plasticité de l’horizon.""";"";""
"96";"Codage pour ""Adhésivité de l’horizon.""";"";""
"97";"Codage pour ""Fermeté de l’horizon.""";"";""
"98";"Codage pour ""Friabilité de l’horizon.""";"";""
"99";"Codage pour ""Fragilité de l’horizon.""";"";""
"100";"Codage pour ""Dureté de l’horizon.""";"";""
"223";"Codage pour ""Nature des traces laissées par les activités biologiques dans l’horizon.""";"";""
"224";"Codage pour ""méthode utilisée pour le test de coloration du fer ferreux in situ""";"";""
"226";"Codage pour ""Carbonatation des éléments grossiers secondaires de l'horizon""";"";""
"227";"Codage pour ""Orientation préférentielle des éléments grossiers principaux de l’horizon.""";"";""
"228";"Codage pour ""Nature des taches principales dans l’horizon.""";"";""
"229";"Codage pour ""Orientation privilégiée prise par les racines.""";"";""
"230";"Codage pour ""Observation du contact entre les racines et la terre fine de l’horizon.""";"";""
"220";"Codage pour ""La matière organique est-elle détectable ?""";"";""
"221";"Codage pour ""Abondance des pores des agrégats ? de l’horizon""";"";""
"231";"Codage pour ""Orientation des conduits de vers de l’horizon.""";"";""
"232";"Codage pour ""Abondance de l’activité humaine dans l’horizon.""";"";""
"233";"Codage pour ""nature des traces d'activité humaines""";"";""
"239";"Codage pour ""Oui/Non""";"";""
"222";"Codage pour ""Forme des cristaux de l'horizon""";"";""
"234";"Codage pour ""Méthode utilisée pour mesurer le pH eau sur le terrain""";"";""
"235";"Codage pour ""résultat du test NaF""";"";""
"236";"Codage pour ""résultat du test de coloration du fer ferreux in situ""";"";""
"101";"Codage pour ""Type de l’horizon holorganique H.""";"";""
"102";"Codage pour ""Degré de fragmentation de la matière organique (organes végétaux).""";"";""
"103";"Codage pour ""Degré d'altération de la matière organique (organes végétaux) de l’horizon.""";"";""
"237";"Codage pour ""Lettres code de l'horizon (STIPA)""";"";""
"238";"Codage pour ""Lettres code de l'horizon (RP95)""";"";""
"104";"Codage pour ""Etat de l'intervention""";"";""
"106";"Codage pour ""représentativité du profil par rapport à l’Unité Typologique de Sol""";"";""
"108";"Codage pour ""Type de relation entre les strates""";"";""
"109";"Codage pour ""Répétitivité de l'Unité Typologique de Sol au sein de l'Unité Cartographique de Sol dans laquelle elle est située.""";"";""
"110";"Codage pour ""Répartition de l'Unité Typologique de Sol dans l'Unité Cartographique de Sol.""";"";""
"111";"Codage pour ""Mode de distribution de l'Unité Typologique de Sol dans l'Unité Cartographique de Sol.""";"";""
"112";"Codage pour ""Echelle à laquelle s’individualise l'Unité Typologique de Sol dans l'Unité Cartographique de Sol.""";"";""
"113";"Codage pour ""Etage phytosociologique dans lequel est située l’Unité Typologique de Sol.""";"";""
"114";"Codage pour ""Forme morphologique de l’Unité Typologique de Sol.""";"";""
"119";"Codage pour ""description de la végétation principale dans l'uts""";"";""
"120";"Codage pour ""type d'aménagement principal (ou 1er type) dans l’U.T.S.""";"";""
"122";"Codage pour ""principale contrainte présentée par l’U.T.S.""";"";""
"124";"Codage pour ""Occupation principale de l’Unité Typologique de Sol.""";"";""
"125";"Codage pour ""Occupation secondaire de l’Unité Typologique de Sol.""";"";""
"126";"Codage pour ""utilisation principale de l’Unité Typologique de Sol.""";"";""
"127";"Codage pour ""utilisation secondaire de l’Unité Typologique de Sol.""";"";""
"241";"Codage pour ""Aspect dominant de la surface de l'Unité Typologique de Sol.""";"";""
"115";"Codage pour ""null""";"";""
"116";"Codage pour ""Facteur de différentiation principal""";"";""
"129";"Codage pour ""Type ou statut de l'organisme""";"";""
"130";"Codage pour ""Type de prélèvement""";"";""
"242";"Codage pour ""Localisation du prélèvement dans le sol""";"";""
"243";"Codage pour ""Méthode de prélèvement""";"";""
"131";"Codage pour ""Nature de l'antécédent climatique précédent la description du profil""";"";""
"132";"Codage pour ""Intensité de l'antécédent climatique précédent la description du profil""";"";""
"133";"Codage pour ""durée de l'antécédent climatique précédent la description du profil""";"";""
"135";"Codage pour ""situation du profil par rapport à la plantation""";"";""
"136";"Codage pour ""situation du profil par rapport à la parcelle""";"";""
"137";"Codage pour ""situation du profil par rapport à la morphologie locale (de 1 à quelques mètres)""";"";""
"138";"Codage pour ""situation du profil par rapport au versant""";"";""
"139";"Codage pour ""type d'érosion dans la zone où est situé le profil""";"";""
"141";"Codage pour ""nombre de matériaux géologiques à partir desquels s'est développé le sol""";"";""
"142";"Codage pour ""classe du premier matériau roche-mère""";"";""
"143";"Codage pour ""classe du second matériau roche-mère""";"";""
"144";"Codage pour ""classe du troisième matériau roche-mère""";"";""
"145";"Codage pour ""étage du premier matériau roche-mère""";"";""
"148";"Codage pour ""type de litage de la couche R, M ou D dont la profondeur d'apparition est indiquée dans la champ PROF_SOL_P""";"";""
"149";"Codage pour ""résistance de la couche R, M ou D dont la profondeur d'apparition est indiquée dans la champ PROF_SOL_P""";"";""
"150";"Codage pour ""nature de la désagrégation de la couche R, M ou D dont la profondeur d'apparition est indiquée dans la champ PROF_SOL_P""";"";""
"151";"Codage pour ""nature de l'altération de la couche R, M ou D dont la profondeur d'apparition est indiquée dans la champ PROF_SOL_P""";"";""
"152";"Codage pour ""type d'humus du profil selon l'organisation en séquence des horizons organiques""";"";""
"153";"Codage pour ""abondance des racines dans l'ensemble du profil""";"";""
"154";"Codage pour ""distribution des racines dans l'ensemble du profil""";"";""
"155";"Codage pour ""facteur principal de la différenciation du profil en horizons""";"";""
"161";"Codage pour ""régime hydrique du profil""";"";""
"162";"Codage pour ""régime de submersion du profil""";"";""
"163";"Codage pour ""première forme de l'excès d'eau du profil""";"";""
"165";"Codage pour ""origine de l'excès d'eau du profil""";"";""
"166";"Codage pour ""nature du drainage naturel du profil""";"";""
"167";"Codage pour ""conséquence de la discontinuité majeure du profil""";"";""
"168";"Codage pour ""cause de l'arrêt de la description du profil""";"";""
"169";"Codage pour ""degré d'artificialisation du profil""";"";""
"170";"Codage pour ""intérêt porté à la description du profil""";"";""
"171";"Codage pour ""première classification dans laquelle a été décrit le sol""";"";""
"173";"Codage pour ""Type de profil""";"";""
"244";"Codage pour ""type d'usage du sol autour du profil (dans la parcelle)""";"";""
"245";"Codage pour ""localisation de la contamination""";"";""
"246";"Codage pour ""évolution prévisible à court terme""";"";""
"247";"Codage pour ""étage bioclimatique""";"";""
"248";"Codage pour ""Domaine climatique en référence au classement de Lydolph""";"";""
"249";"Codage pour ""modifications phytologiques""";"";""
"250";"Codage pour ""aire contaminée""";"";""
"251";"Codage pour ""origine de la contamination du sol""";"";""
"252";"Codage pour ""type d'irrigation""";"";""
"253";"Codage pour ""type d'amenagement principal""";"";""
"254";"Codage pour ""modification de la topographie""";"";""
"255";"Codage pour ""aménagement du sol, de type drainage""";"";""
"256";"Codage pour ""Méthode de géoréférencement""";"";""
"257";"Codage pour ""Conséquences actuelles visibles de la contamination""";"";""
"262";"Codage pour ""premier adjectif du nom du sol selon le Référentiel Pédologique Français de 1995""";"";""
"261";"Codage pour ""grand ensemble de référence (GER) selon le Référentiel Pédologique Français de 1995""";"";""
"258";"Codage pour ""modification des caractères physiques de la surface du sol""";"";""
"259";"Codage pour ""Type de paysage si applicable""";"";""
"260";"Codage pour ""nom du sol dans la classification CPCS de 1967""";"";""
"267";"Codage pour ""détection de la contamination""";"";""
"134";"Codage pour ""type d'occupation du sol autour du profil""";"";""
"175";"Codage pour ""Description synthétique du volume tridimensionnel formé par la strate""";"";""
"176";"Codage pour ""Orientation générale de la strate par rapport à la surface du sol""";"";""
"177";"Codage pour ""Nom de la strate""";"";""
"178";"Codage pour ""Description de la terminaison latérale de la strate""";"";""
"179";"Codage pour ""Nature des liaisons entre les U.T.S. au sein de l’U.C.S.""";"";""
"180";"Codage pour ""domaine géomorphologique principal (ou de 1er type) dans lequel se situe l’U.C.S.""";"";""
"182";"Codage pour ""Morphologie locale principale (quelques hectomètres) du paysage dans lequel est située l’U.C.S.""";"";""
"183";"Codage pour ""Type de paysage agricole dans lequel se situe l’U.C.S.""";"";""
"185";"Codage pour ""Méthode utilisée pour renseigner l’altitude.""";"";""
"270";"Codage pour ""Grand type de relief dans lequel se situe l’U.C.S.""";"";""
"186";"Codage pour ""Type d’organisation géologique de l’U.T.S.""";"";""
"187";"Codage pour ""catégorie à laquelle appartient le premier matériau parental""";"";""
"195";"Codage pour ""taille dominante des éléments grossiers principaux de l’horizon de surface.""";"";""
"214";"Codage pour ""Forme de la discontinuité majeure entrainant des conséquences sur le fonctionnement du sol""";"";""
"217";"Codage pour ""Degré général de complexité de l’organisation des strates au sein de l'Unité Typologique de Sol.""";"";""
"271";"Codage pour ""pierrosité des éléments grossiers principaux de l’horizon de surface.""";"";""
"274";"Codage pour ""Etat de la surface du sol à proximité du profil, liés à des actions anthropiques""";"";""
"275";"Codage pour le SRID";"";""
"276";"Codage pour ""Grand ensemble de référence (GER) selon le Référentiel Pédologique Français de 2008""";"";""
"277";"Codage pour ""adjectif du nom du sol selon le Référentiel Pédologique Français de 2008""";"";""
"278";"Codage pour le champ type_relation de la table l_horizon";"";""
"279";"Codage pour le champ origine_croute";"";""
"280";"Codage pour le champ stade_croute";"";""
"281";"Codage pour le champ regul_cim";"";""
"282";"Codage pour le champ met_salure_h";"";""
"240";"Codage pour ""Orientation dominante de l'Unité Typologique de Sol.""";"";"TEXT"
"263";"Codage pour ""nom des groupes de sols de référence dans la classification WRB de 1998""";"";"TEXT"
"266";"Codage pour ""deuxième adjectif dans la classification WRB de 2006""";"";"TEXT"
"264";"Codage pour ""premier adjectif dans la classification WRB de 1998""";"";"TEXT"
"265";"Codage pour ""nom des groupes de sols de référence dans la classification WRB de 2006""";"";"TEXT"
"269";"Codage pour ""Nom de la variable décrite pour la strate""";"";"TEXT"
"268";"Codage pour ""Nom de la variable décrite pour la strate""";"";"TEXT"
"216";"Codage pour ""Type d’organisation verticale (en horizons) de l'Unité Typologique de Sol, choisi par le pédologue pour la description des strates de l’U.T.S.""";"";"TEXT"
"283";"Codage pour le champ determination de la table resultat_analyse";"";"TEXT"
"4";"Codage pour le champ pretrait";"";""
"284";"Codage pour ""Prétraitement de l'échantillon avant son analyse granulométrique""";"";""
"285";"Codage pour ""Méthode utilisée pour la peptisation""";"";""
"286";"Codage pour ""Mode de préparation de l'échantillon avant ses analyses""";"";""
"287";"Codage pour ""Mode de calibrage de l'échantillon avant son analyse""";"";""
"288";"Codage pour ""Nature de l'extrait pour la détermination de la conductivité électrique""";"";""
"289";"Codage pour le champ id_methode de la table resultat_densite_apparente";"";""
"290";"Codage pour le champ id_methode de la table resultat_eg";"";""
"291";"Codage pour le type de photo";"";""
"292";"Codage pour la couleur principale d'un horizon";"";"TEXT"
"21";"Codage pour ""Estimation sur le terrain de la salure (ou degré de salinité).""";"";""
"207";"Codage pour ""Origine de la salinité""";"";""
"293";"Codage pour la vitesse d'infiltration";"";""
"294";"Codage pour ""Surface de l'UTS affectée par le type d'érosion""";"";""
"295";"Codage pour ""Potentiel estival de remontée capillaire de l’UTS""";"";""
"296";"Codage pour ""Intensité de l'érosion décrite selon les règles de la FAO""";"";""
"297";"Codage pour ""Capacité de rétention en eau de l’UTS""";"";""
"298";"Codage pour ""Nature de la discontinuité majeure""";"";""
"299";"Codage pour ""Specifiers WRB 2006""";"";""
"300";"Codage pour les communes françaises";"";"TEXT"
"301";"Codage pour le champ info_var";"";""
"302";"Codage pour ""Classe texturale dans le diagramme triangulaire de l'Aisne""";"";"TEXT"
"304";"Codage pour ""Classe texturale dans le diagramme triangulaire du GEPPA""";"";"TEXT"
"305";"Codage pour ""Classe texturale dans le diagramme triangulaire de l'USDA""";"";"TEXT"
"303";"Codage pour ""Classe texturale dans le diagramme triangulaire de Belgique""";"";"TEXT"
"306";"Codage pour le champ nom_eg";"";"TEXT"
"307";"Codage pour le champ net_trans";"";""
"308";"Codage pour ""Disponibilité du document publié à la cartothèque de l'inra d'orléans""";"";""
"309";"Codage pour ""Type de document""";"";""
"310";"Codage pour ""Nature des traces d'activité'";"";""
"311";"Codage pour la variable de strate ACIDITE EG PRIN et SEC de Donesol2";"";""
"312";"Codage pour la conformité d'un échantillon au référentiel";"";""
"313";"Codage pour l'état hydrique d'un échantillon";"";""
"314";"Codage pour l'état de l'intervention";"";""
"315";"Codage pour ""Etat physique de l'échantillon à la réception""";"";""
"316";"Codage pour l'état d'un site RMQS";"";""
"317";"Codage pour l'état thermique d'un échantillon";"";""
"318";"Codage pour l'intégrité d'un échantillon à la réception";"";""
"319";"Codage pour la méthode de broyage d'un échantillon";"";""
"320";"Codage pour la méthode de division d'un échantillon";"";""
"321";"Codage pour la méthode d'émottage d'un échantillon";"";""
"322";"Codage pour la méthode de tamisage d'un échantillon";"";""
"323";"Codage pour la nature d'un échantillon";"";""
"324";"Codage pour le référentiel respecté lors de la collecte d'un échantillon";"";""
"325";"Codage pour le type d'action réalisé sur un échantillon";"";""
"326";"Codage pour le type de cellule RMQS";"";""
"328";"Codage pour le statut d'un échantillon";"";""
"329";"Codage pour l'identification d'un échantillon à la réception";"";""
"327";"Codage pour le type de profil RMQS";"";"TEXT"
"330";"Codage pour identifier l'étude d'origine d'un profil";"";""
"331";"Codage pour la méthode de lavage d'un
échantillon";"";""
"332";"Codage pour la validité des données de la table organisme";"";""
"174";"Codage pour ""diagramme textural utilisé""";"";"TEXT"
"384";"Codage pour les programmes d'acquisition d'échantillons de sol";"";""
"333";"Codage pour la proportion d'éléments grossiers (taille > 2 mm) exprimée en 1/10 du volume total du sol (sur l'ensemble du profil)";"";""
"334";"Codage pour les champs oa_rotation_1 à oa_rotation_7 de la table enquete";"";""
"336";"Codage pour table enquete (à préciser)";"";""
"337";"Codage pour table enquete (à préciser)";"";""
"338";"Codage pour table enquete (à préciser)";"";""
"339";"Codage pour table enquete (à préciser)";"";""
"340";"Codage pour table enquete (à préciser)";"";""
"341";"Codage pour table enquete (à préciser)";"";""
"342";"Codage pour table enquete (à préciser)";"";""
"343";"Codage pour table enquete (à préciser)";"";""
"344";"Codage pour table enquete (à préciser)";"";""
"345";"Codage pour table enquete (à préciser)";"";""
"346";"Codage pour table enquete (à préciser)";"";""
"347";"Codage pour table enquete (à préciser)";"";""
"348";"Codage pour table enquete (à préciser)";"";""
"349";"Codage pour table enquete (à préciser)";"";""
"350";"Codage pour table enquete (à préciser)";"";""
"351";"Codage pour table enquete (à préciser)";"";""
"352";"Codage pour table enquete (à préciser)";"";""
"353";"Codage pour table enquete (à préciser)";"";""
"354";"Codage pour table enquete (à préciser)";"";""
"355";"Codage pour table enquete (à préciser)";"";""
"356";"Codage pour table enquete (à préciser)";"";""
"357";"Codage pour table enquete (à préciser)";"";""
"358";"Codage pour table enquete (à préciser)";"";""
"359";"Codage pour table enquete (à préciser)";"";""
"360";"Codage pour table enquete (à préciser)";"";""
"361";"Codage pour table enquete (à préciser)";"";""
"362";"Codage pour table enquete (à préciser)";"";""
"363";"Codage pour table enquete (à préciser)";"";""
"364";"Codage pour table enquete (à préciser)";"";""
"365";"Codage pour table enquete (à préciser)";"";""
"366";"Codage pour table enquete (à préciser)";"";""
"367";"Codage pour table enquete (à préciser)";"";""
"368";"Codage pour table enquete (à préciser)";"";""
"369";"Codage pour table enquete (à préciser)";"";""
"370";"Codage pour table enquete (à préciser)";"";""
"371";"Codage pour table enquete (à préciser)";"";""
"372";"Codage pour table enquete (à préciser)";"";""
"373";"Codage pour table enquete (à préciser)";"";""
"374";"Codage pour table enquete (à préciser)";"";""
"375";"Codage pour table enquete (à préciser)";"";""
"376";"Codage pour table enquete (à préciser)";"";""
"377";"Codage pour table enquete (à préciser)";"";""
"378";"Codage pour table enquete (à préciser)";"";""
"379";"Codage pour table enquete (à préciser)";"";""
"335";"Codage pour table enquete (à préciser)";"";""
"380";"Codage pour table enquete_fertil_animale (à préciser)";"";""
"382";"Codage pour table enquete_fertil_animale (à préciser)";"";""
"383";"Codage pour table enquete_fertil_urbaine (à préciser)";"";""
"381";"Codage pour table enquete_fertil_vegetale (à préciser)";"";""
"385";"Codage pour ""Adjectif qualificatif de l'humus""";"";""
"386";"Codage pour ""Intitulé de la préparation réalisée avant ses analyses""";"";""
"387";"Codage pour ""Nature de la nappe d'eau """;"";""
"388";"Codage pour ""drainage naturel du sol en fonction de sa position morphologique""";"";""
"389";"Codage pour ""Couleur de l'horizon selon le code expolaire de TAYLOR et CAYEUX """;"";""
"390";"Codage pour ""Code du pays dans lequel est situé le profil""";"";""
"391";"Codage pour les départements administratifs français";"";""
"392";"Codage pour ""type de discontinuité dans le profil""";"";""
"393";"Codage pour ""type d'étiquette d'une intervention""";"";""
"394";"Codage pour ""Type de cailloux""";"";""
"395";"Codage pour ""Indice d'hydromorphie""";"";""
"396";"Codage pour ""Indice trophiques bio indiqués""";"";""
"397";"Codage pour ""Indice hydrique bio indiqués par la flore""";"";""
"398";"Codage pour ""Nom de la région forestière nationale""";"";""
"399";"Codage pour ""Rayonnement""";"";""
"400";"Codage pour ""Sylvoécorégions alluviales""";"";""
"401";"Codage pour ""Sylvoécorégions""";"";""
"402";"Codage pour ""Méthode de mesure de l'intensité de l'effervescence""";"";""
"403";"Codage pour ""Composition du peuplement forestier""";"";""
"404";"Codage pour ""nom des groupes de sols de référence dans la classification WRB de 2014""";"";""
"405";"Codage pour ""adjectif dans la classification WRB de 2014""";"";""
"406";"Codage pour ""Specifiers WRB 2014""";"";""
"407";"Codage pour ""présence de la nappe""";"";""
"408";"Codage pour ""structure du peuplement forestier""";"";""
"409";"Codage pour ""essences forestières d’abondance""";"";""
"410";"Codage pour ""l'état d'un site RMQS en campagne 2""";"";""
