"id_collaborateur";"id_organisme";"nom";"prenom"
"484";"15";"VAUTIER";"Arnaud"
"1639";"1335";"SUC";"Olivier"
"3776";"1452";"POIRAUD";"Alexandre"
"3727";"1416";"MARTIN";"Camille"
"1545";"813";"CHEVALIER";"M"
"1176";"176";"INCONNU-3";""
"88";"176";"LEGROS";"Jean-Paul"
"3198";"1392";"MOREL";"Jean-Marcel"
"93";"160";"BOUZIGUES";"Robert"
"3336";"1416";"GAIGNARD";"Pierre-Baptiste"
"3570";"1416";"DEPLAT";"ADRIEN"
"321";"1074";"SAUVAT";"Stéphane"
"3569";"1416";"FAYET";"THOMAS"
"320";"1074";"PELLETIER";"Aude"
"286";"15";"VAURIS";""
"1552";"15";"GOMENDY";"Véronique"
"3785";"1335";"SUC";"Louis"
"3337";"1416";"GENEVOIS";"Véronique"
"63";"176";"INCONNU-24";""
"39";"176";"SERVAT";"E"
"3123";"1371";"RIGOU";"Laurent"
"101";"15";"FAVROT";"Jean-Claude"
"3033";"1370";"GENEVOIS-GOMENDY";"Véronique"
"12";"214";"PARTY";"Jean-Paul"
"3122";"214";"VAUTHIER";"Quentin"
"24";"813";"BOULONNE";"Line"
