"id_methode";"id_ref_biblio";"no_methode";"nom_methode";"norme_methode";"methode_pretraitement";"methode_peptisation";"annee_methode";"remarques";"historique"
"2";"";"0.1";"autre méthodes que celles proposées en format DoneSol2";"";"";"";"";"";""
"287";"";"152";"méthode de mesure de la granulométrie à la pipette (ou Pipette Robinson-Köhn ou Andreasen)";"non normée";"";"";"";"";""
"288";"";"153";"Hydromètre Bouyoucos";"non normée";"";"";"";"";""
"289";"";"154";"Hydromètre à chaînette";"non normée";"";"";"";"";""
"290";"";"155";"Décantation";"non normée";"";"";"";"";""
"291";"";"156";"Lévigation";"non normée";"";"";"";"";""
"292";"";"157";"Rayons X";"non normée";"";"";"";"";""
"293";"";"158";"Tamisage aux ultrasons";"non normée";"";"";"";"";""
"294";"";"159";"Tamisage sous l'eau";"non normée";"";"";"";"";""
"295";"";"160";"Hydromètre Mériaux";"non normée";"";"";"";"";""
"296";"";"161";"Méthode pipette (NF X 31-107)";"NF X 31-107";"";"";"";"";""
"297";"57";"162";"Méthode NF X 31-516 simplifiée";"NF X 31-516";"";"";"";"";""
"1";"";"0";"Non connue";"";"";"";"";"";""
