"id_methode";"id_ref_biblio";"no_methode";"nom_mesure";"nom_methode";"norme_methode";"annee_methode";"comm";"fichier_protocole";"fichier_protocole_nom";"fichier_modele";"fichier_modele_nom"
"2";"";"0.1";"";"autre méthodes que celles proposées en format DoneSol2";"";"";"";"";"";"";""
"258";"";"133";"";"masse volumique apparente (cylindre) +  masse sèche (au laboratoire)";"NF X 31 501 -511";"";"";"";"";"";""
"259";"";"134";"";"masse volumique apparente (densitomètre à membrane) + masse sèche (au laboratoire)";"NF X 31 502";"";"";"";"";"";""
"260";"";"135";"";"masse volumique apparente au gamma-densitomètre sur le terrain";"non normée";"";"";"";"";"";""
"261";"";"136";"";"Sur mottes de diamètre > 10 cm (enrobage paraffine)";"non normée";"";"";"";"";"";""
"262";"";"137";"";"Sur mottes de diamètre 5 à 10 cm (enrobage paraffine)";"non normée";"";"";"";"";"";""
"263";"";"138";"";"Sur mottes de diamètre 1 à 5 cm (enrobage paraffine)";"non normée";"";"";"";"";"";""
"264";"";"139";"";"Sur mottes de diamètre < 1 cm (enrobage paraffine)";"non normée";"";"";"";"";"";""
"265";"";"140";"";"Mesure sur mottes, enrobage au pétrole";"non normée";"";"";"";"";"";""
"266";"";"141";"";"masse volumique apparente (par excavation, mesure du volume à l'eau) + masse sèche (au laboratoire)";"non normée";"";"";"";"";"";""
"267";"";"142";"";"masse volumique apparente (par excavation,  mesure du volume avec du sable) + masse sèche (au laboratoire)";"NF X 31-503";"";"";"";"";"";""
"268";"";"143.1";"";"Méthode à charge constante , prélèvement horizontal, diamètre 15 cm";"non normée";"";"";"";"";"";""
"269";"";"143.2";"";"Méthode à charge constante , prélèvement vertical, diamètre 15 cm";"non normée";"";"";"";"";"";""
"270";"";"143.3";"";"Méthode à charge constante , prélèvement horizontal, diamètre 6 cm";"non normée";"";"";"";"";"";""
"271";"";"143.4";"";"Méthode à charge constante , prélèvement vertical, diamètre 6 cm";"non normée";"";"";"";"";"";""
"272";"";"144.1";"";"Méthode à charge variable , prélèvement horizontal, diamètre 15 cm";"non normée";"";"";"";"";"";""
"273";"";"144.2";"";"Méthode à charge variable , prélèvement vertical, diamètre 15 cm";"non normée";"";"";"";"";"";""
"274";"";"144.3";"";"Méthode à charge variable , prélèvement horizontal, diamètre 6 cm";"non normée";"";"";"";"";"";""
"275";"";"144.4";"";"Méthode à charge variable , prélèvement vertical, diamètre 6 cm";"non normée";"";"";"";"";"";""
"276";"";"145";"";"Méthode Vergière";"non normée";"";"";"";"";"";""
"277";"";"146";"";"Méthode Kirkham";"non normée";"";"";"";"";"";""
"279";"";"147.1";"";"Méthode Muntz (conductivité essentiellement verticale)";"non normée";"";"";"";"";"";""
"280";"";"147.2";"";"Méthode Porchet (conductivité verticale)";"non normée";"";"";"";"";"";""
"282";"";"148.1";"";"Méthode du Trou de tarière (conductivité verticale)";"non normée";"";"";"";"";"";""
"283";"";"148.2";"";"Méthode des Puits et piézomètres, rabattement de nappe (conductivité verticale et oblique)";"non normée";"";"";"";"";"";""
"285";"";"150";"";"Méthode sur motte";"non normée";"";"";"";"";"";""
"286";"";"151";"";"Méthode sur terre fine";"non normée";"";"";"";"";"";""
"281";"";"148";"";"Méthode sans apport d'eau (avec nappe présente dans le profil)";"non normée";"";"";"";"";"";""
"284";"";"149";"";"Méthode du perméamètre avec entrée d'air";"non normée";"";"";"";"";"";""
"340";"";"193";"";"pycnomètre à eau";"non normée";"";"";"";"";"";""
"278";"";"147";"";"Méthode avec apport d'eau (sans nappe présente dans le profil)";"non normée";"";"";"";"";"";""
"341";"";"204";"";"prélèvement à la tarière EDELMANN diam. 7cm";"non normée";"";"";"";"";"";""
"342";"";"205";"";"prélèvement au préleveur de tourbe ou tarière russe";"non normée";"";"";"";"";"";""
"343";"";"203";"";"prélèvement à la tarière cylindrique";"non normée";"";"";"";"";"";""
"323";"";"186";"";"méthode RMQS de détermination de la teneur en éléments grossiers";"non normée : vérifiée ";"";"";"";"";"";""
"344";"";"172";"";"Cube vergière (cube de 10 cm de coté découpé dans le sol en place)";"non normée";"";"";"";"";"";""
"237";"43";"119";"";"détermination de la conductivité électrique spécifique norme ISO 11265:1994";"ISO 11265:1994";"1994";"";"";"";"";""
"246";"44";"124";"";"détermination de la conductivité électrique spécifique norme NF X 31-113";"NF X 31-113";"1986";"";"";"";"";""
"504";"";"218";"";"après pré-traitement à l'alcool";"non normée";"";"";"";"";"";""
"505";"";"219";"";"après pré-traitement au benzène";"non normée";"";"";"";"";"";""
"506";"";"220";"";"à l’eau sans pré-traitement";"non normée";"";"";"";"";"";""
"508";"";"214";"";"Spectrophotomètre CM-2600d";"non normée";"";"";"";"";"";""
"509";"";"215";"";"Humidité équivalente à 1000g (pF 3)";"non normée";"";"";"";"";"";""
"510";"";"215.1";"";"Humidité équivalente à 1000g (pF 3) - méthode INRA";"non normée";"";"";"";"";"";""
"253";"";"128";"";"Mesure de la CE sur pâte saturée";"non normée";"";"";"";"";"";""
"254";"";"129";"";"Mesure de la CE sur extrait 1/1 ( mélange sol-eau de rapport 1/1)";"non normée";"";"";"";"";"";""
"255";"";"130";"";"Mesure de la CE sur extrait 1/5 ( mélange sol-eau de rapport 1/5)";"non normée";"";"";"";"";"";""
"256";"";"131";"";"Mesure de la CE sur extrait 1/10 ( mélange sol-eau de rapport 1/10)";"non normée";"";"";"";"";"";""
"257";"";"132";"";"Mesure de la CE sur eau de la nappe";"non normée";"";"";"";"";"";""
"238";"";"119.1";"";"détermination de la conductivité électrique totale méthode INRA; eau à 25°C rapport d'extraction de 1:25";"non normée";"";"";"";"";"";""
"239";"";"119.2";"";"détermination de la conductivité électrique totale méthode INRA; eau à 25°C rapport d'extraction de 1:5";"non normée";"";"";"";"";"";""
"511";"";"228";"";"Bouyoucos modifiée Robelin";"";"";"";"";"";"";""
"512";"";"229";"";"produit de la densité apparente partielle par le coefficient de rétention";"";"";"";"";"";"";""
"513";"";"230";"";"test de percolation - Hénin";"";"";"";"";"";"";""
"514";"";"140.1";"";"Mesure sur éléments grossiers, enrobage au pétrole";"non normée";"";"";"";"";"";""
"520";"";"239";"";"méthode Jamagne";"";"";"";"";"";"";""
"515";"";"234";"";"NF P94-051 Limite de plasticité au rouleau";"NF P94-051";"1993";"";"";"";"";""
"517";"";"235";"";"pycnomètre à alcool";"non normée";"";"";"";"";"";""
"518";"";"237";"";"Limite de retrait volumique (NF P94-060-1)";"NF P94-060-1";"1996";"";"";"";"";""
"519";"";"238";"";"Limite de retrait linéaire (NF P94-060-2)";"NF P94-060-2";"1997";"";"";"";"";""
"521";"";"240";"";"méthode Bruand";"";"";"";"";"";"";""
"522";"";"241";"";"méthode Al Majou";"";"";"";"";"";"";""
"523";"";"245";"";"Limite de liquidité à la coupelle (NF P94-051)";"NF P94-051";"1993";"";"";"";"";""
"524";"";"246";"";"Limite de liquidité au cône de pénétration (NF P94-052-1)";"NF P94-052-1";"1995";"";"";"";"";""
"527";"";"150.1.2";"";"NF EN ISO 11274 en utilisant une plaque poreuse et une burette";"";"";"";"";"";"";""
"525";"";"150.1";"";"NF EN ISO 11274";"";"";"";"";"";"";""
"526";"";"150.1.1";"";"NF EN ISO 11274 à l'aide de tables à succion à sable, à kaolin et à plaque en céramique";"";"";"";"";"";"";""
"528";"";"150.1.3";"";"NF EN ISO 11274 par l'extracteur à plaque de pression";"";"";"";"";"";"";""
"1";"";"0";"";"Non connue";"";"";"";"";"";"";""
"529";"";"150.1.4";"";"NF EN ISO 11274 par l'utilisation d'enceinte à membrane sous pression";"";"";"";"";"";"";""
