"id_ucs";"id_etude";"no_ucs";"surf_unit";"nom_ucs";"nom_local_ucs";"nb_uts";"organ_ucs_uts";"comm_ucs";"type_relief";"domai_morpho1";"domai_morpho2";"type_surf";"type_pays";"alt_min";"alt_max";"alt_mod";"met_alt";"reg_nat";"no_int_ucs"
"43818";"6532";"32";"";"Versants et vallées encaissées cristallophylliennes de l'Allier et de ses affluents, pouvant présenter parfois des influences volcaniques, principalement boisées, de pentes fortes à très fortes";"";"11.0";"2";"Paysage forestier";"1";"2";"";"17";"0";"";"";"";"";"";""
"43821";"6532";"39";"";"Edifices volcaniques scoriacés et coulées associées de la chaîne de Rézentières entre Mons et Massiac, principalement pâturés et cultivés, de pentes modérées à fortes";"";"7.0";"2";"";"2";"8";"";"7";"5";"";"";"";"";"";""
"43776";"6532";"36";"";"Plateaux et collines du massif cristallophylliens d'Ally et Mercoeur, principalement pâturés et cultivés, de pentes modérées à localement fortes";"";"10.0";"2";"";"5";"2";"";"1";"6";"";"";"";"";"MARGERIDE ";""
"43811";"6532";"1101";"1826.0";"Plaines alluviales de l'Allier et de ses affluents, cristallophylliennes parfois à influence volcanique, à usage mixte, de pentes faibles à modérées";"";"3.0";"2";"";"5";"5";"";"1";"2";"390.0";"550.0";"420.0";"1";"VALLEE DE L'ALLIER ET DE SES AFFLUENTS";"1101"
"43812";"6532";"1102";"2581.0";"Anciennes terrasses résiduelles en bordure de l'Allier et de ses affluents, principalement cristallophylliennes, parfois à influence volcanique, principalement paturés et cultivés, de pentes faibles à localement modérées";"";"4.0";"3";"";"5";"5";"";"8";"5";"410.0";"470.0";"430.0";"1";"VALLEE DE L'ALLIER ET DE SES AFFLUENTS";"1102"
"43817";"6532";"30";"781.0";"Plaines alluviales de l'Alagnon, de la Sianne et leurs affluents, en contexte cristallophyllien et volcanique, principalement pâturées et cultivées, de pentes faibles à modérées";"";"4.0";"3";"";"6";"5";"";"3";"2";"507.0";"755.0";"568.0";"";"";""
"43823";"6532";"44";"";"Rebords des coulées volcaniques de la chaîne de Rézentières entre Blesles et Neussargues-Moissac et localement sur Marcenat, sur matériaux sédimentaires non carbonatés à localement carbonatés en mélange avec des produits volcaniques et cristallophylliens, à usages mixtes, de pentes modérées à fortes
";"";"6.0";"2";"";"2";"3";"";"21";"6";"";"";"";"";"";""
"43819";"6532";"45";"";"Versants et vallées encaissées granitiques de la Margeride à l'ouest et au sud du bassin de Saugues, entre La Besseyre-Sainte-Marie, Vazeilles-près-Saugues et Chanaleilles, principalement paturés, de pentes modérés à localement forte ";"";"8.0";"2";"";"1";"3";"";"13";"6";"";"";"";"";" la Margeride altiligéroise";""
"43820";"6532";"46";"";"Collines et Plateaux granitiques de la Margeride à l'ouest et au sud du bassin de Saugues, entre La Besseyre-Sainte-Marie, Vazeilles-près-Saugues et Chanaleilles, principalement paturés, de pentes modérés à localement forte ";"";"7.0";"2";"";"2";"3";"";"6";"6";"";"";"";"";"Margeride altiligéroise";""
"43822";"6532";"47";"";"Collines et Plateaux granitiques de la Margeride à l'ouest et au sud du bassin de Saugues, entre La Besseyre-sainte-Marie, Vazeilles-près-Saugues et Chanaleilles, principalement forestiers, de pentes modérés à localement forte ";"";"6.0";"2";"";"2";"3";"";"6";"6";"";"";"";"";"Margeride altiligéroise";""
"43813";"6532";"1205";"";"Versants et vallées encaissées de la Loire et de ses affluents, sur matériaux cristallins en mélange avec des produits volcaniques et parfois sédimentaires, forestiers, de pentes fortes ";"";"12.0";"1";"";"1";"2";"8";"5";"6";"";"";"";"";"VALLEE DE LA LOIRE ET DE SES AFFLUENTS";""
"43809";"6532";"3102";"";"Gardes et pieds de gardes (cône de scories) du Brivadois Velay et du Mézenc, inférieurs à 1150mètre d'altitude, à usage mixte, de pentes fortes ";"";"5.0";"2";"";"1";"8";"";"";"6";"";"";"";"";"Brivadois Velay, du Mézenc";""
"43810";"6532";"3103";"";"Gardes et pieds de gardes (cône de scories) du Brivadois Velay et du Mézenc, supérieurs à 1150 mètre d'altitude, à usage mixte, de pentes fortes ";"";"4.0";"2";"PAYSAGE BOISE ET EN PATURE";"1";"8";"";"";"6";"";"";"";"";"DES EDIFICES VOLCANIQUES";"3103"
"43814";"6532";"3201";"";"Plateaux et coulées basaltiques du Brivadois Velay au Meygal, inférieurs à 1150 mètres d'altitude, à usage mixte, de pentes faibles à modérées ";"";"7.0";"2";"";"4";"8";"";"13";"5";"";"";"";"";"Brivadois Velay et du Mézenc ";"3201"
"43815";"6532";"3301";"";"Fonds des vallons et rebords de talwegs des coulées basaltiques du Brivadois-Velay, à usage mixte, de pentes faibles à modérées";"";"5.0";"2";"SURFACE DE TYPE VALLONS";"7";"";"";"";"1";"";"";"";"";"Haute-Loire";"3301"
"43816";"6532";"9411";"";"Plateaux et rebords des coulées volcaniques à l'ouest des Limagnes, à usages mixtes, sur des formations carbonatées et du socle, de pentes faibles à moyennes et localement fortes ";"";"7.0";"3";"";"1";"8";"";"9";"6";"";"";"";"";"du volcanisme périphérique ponctuel et issu des massifs";""
"43825";"6532";"33";"";"Collines et plateaux de la Margeride entre Pinols et Ally, cristallophylliens pouvant présenter parfois des influences volcaniques, principalement pâturés et cultivés, de pentes modérées à localement fortes";"";"12.0";"";"";"2";"3";"";"8";"1";"";"";"";"";"";""
"43826";"6532";"130";"";"Crêtes ondulées des massifs de l'Inselgebirge entre La Montagne du Gay, La Croix de la Paille et le Mont Mouchet, à tendance micaschisteuse et du complexe leptyno-amphibolique et à forte influence périglaciaire, forestières et d'estives, de pentes faibles à modérées";"";"6.0";"";"";"1";"10";"";"";"6";"";"";"";"";"";""
"43824";"6532";"132";"";"Versants et glacis des massifs de l'Inselgebirge entre Vabres, La Bromesterie, Chanteloube et le Mont Mouchet, à tendance micaschisteux et du complexe leptyno-amphibolique, principalement forestiers et d'estives, de pentes modérées à très fortes 
";"";"5.0";"3";"";"1";"10";"2";"13";"0";"";"";"";"";"Margeride altiligéroise";""
"43777";"6532";"35";"";"Collines et plateaux de Ferrussac cristallophylliens, principalement pâturés et cultivés, de pentes modérées à localement fortes";"";"8.0";"2";"";"2";"2";"";"6";"6";"";"";"";"";"MARGERIDE ";""
"43778";"6532";"48";"";"Vallons et replats des dépressions à alvéoles des massifs cristallinsde la Margeride entre Hontès-Haut, Saugues et le Sauvage, pâturés et boisés, de pentes faibles à ponctuellement modérées";"";"10.0";"3";"";"4";"3";"";"2";"6";"";"";"";"";"MARGERIDE ";""
"43779";"6532";"56";"";"Collines et Plateaux granitiques de la Margeride à l'est, nord-est et sud-est du bassin de Saugues, entre Charraix, Freycenet et Saint-Vénérand, principalement paturés, de pentes modérés à localement forte ";"";"8.0";"2";"";"4";"2";"";"6";"6";"";"";"";"";"MARGERIDE ";""
"43780";"6532";"57";"";"Collines et Plateaux granitiques de la Margeride à l'est, nord-est et sud-est du bassin de Saugues, entre Charraix, Freycenet et Saint-Vénérand, principalement forestiers, de pentes modérés à localement forte ";"";"6.0";"2";"";"4";"2";"";"13";"6";"";"";"";"";"MARGERIDE ";""
"43781";"6532";"142";"";"Crêtes larges des massifs cristallins de l'Inselgebirge de Margeride, boisés, de pentes faibles à modérées";"";"6.0";"2";"";"4";"2";"";"13";"9";"";"";"";"";"MARGERIDE ";""
"43782";"6532";"200";"";"Versants sur grés et schistes houiller, localement sur roche métamorphique de Langeac, forestiers et pâturés, de pente modérées à fortes ";"";"5.0";"2";"";"1";"2";"";"13";"6";"";"";"";"";"MARGERIDE ";""
"43783";"6532";"202";"";"Plateaux ondulés sur grés et schistes houiller de Langeac, cultivés et paturés, de pentes modérées à faibles";"";"3.0";"2";"";"2";"10";"5";"6";"6";"";"";"";"";"BASSIN HOUILLER DE LANGEAC";""
"43784";"6532";"206";"";"Plateaux ondulés des bassins de Lorlanges, Espalem et Saint-Beauzire en mélange avec des produits périglaciaires, du socle, des dépôts sédimentaires et parfois des dépôts associés aux paléosols, à usages mixtes, de pentes faibles à localement fortes";"";"8.0";"2";"";"2";"10";"14";"6";"6";"";"";"";"";"Rebord à l'Ouest des Limagnes";""
"43785";"6532";"113";"";"Pointements et coulées volcaniques ponctuels dispersés au sein du socle de la Margeride, > 1150 m d'altitude du Plateau Forezien et du Brivadois Velay, à usages mixtes, de pentes faibles à localement fortes ";"";"3.0";"2";"";"1";"2";"8";"13";"6";"";"";"";"";"Haute-Loire";""
"43786";"6532";"114";"";"Pointements et coulées volcaniques ponctuels dispersés au sein du socle de la Margeride, < 1150 m d'altitude, du Plateau Forezien et du Brivadois Velay, à usages mixtes, de pentes faibles à localement fortes ";"";"3.0";"2";"";"1";"2";"8";"13";"6";"";"";"";"";"Haute-Loire";""
"43787";"6532";"154";"";"Plaines alluviales granitiques de la Loire et de ses affluents, à usage mixtes, de pentes faibles à modérées ";"";"6.0";"2";"";"5";"5";"";"12";"6";"";"";"";"";"FOREZ";""
"43788";"6532";"153";"";"ts et vallées encaissées granitiques du Plateau Forezien , principalement forestiers, de pentes fortes à modérées ";"";"7.0";"2";"";"1";"2";"";"13";"9";"";"";"";"";"FOREZ";""
"43789";"6532";"152";"";"Collines et plateaux ondulés des massifs granitiques du Plateau Forezien souvent inférieurs à 1000 mètres d'altitude, principalement sous prairie régulièrement resaturée par amendement calcaire, de pentes modérées à localement fortes";"";"10.0";"2";"";"2";"2";"";"6";"6";"";"";"";"";"FOREZ";""
"43790";"6532";"157";"";"Collines et plateaux ondulés des massifs granitiques du Plateau Forezien souvent inférieurs à 1000 mètres d'altitude, principalement sous forêt, de pentes modérées à localement fortes";"";"8.0";"2";"";"2";"2";"";"6";"9";"";"";"";"";"FOREZ";""
"43791";"6532";"160";"";"Versants et vallées encaissées granitiques du Plateau du Livradois, principalement forestiers, de pentes fortes à modérées ";"";"6.0";"2";"";"1";"2";"";"13";"9";"";"";"";"";"Plateau du Livradois";""
"43792";"6532";"162";"";"Collines et plateaux ondulés des massifs granitiques du Plateau du Livradois, souvent supérieurs à 1000 mètres d'altitude, principalement sous prairie, de pentes modérées à localement fortes";"";"8.0";"2";"";"1";"2";"";"6";"6";"";"";"";"";"Plateau du Livradois";""
"43793";"6532";"161";"";"Collines et plateaux ondulés des massifs granitiques du Plateau du Livradois, souvent supérieurs à 1000 mètres d'altitude, principalement sous forêt, de pentes modérées à localement fortes";"";"8.0";"2";"";"1";"2";"";"6";"9";"";"";"";"";"Plateau du Livradois";""
"43794";"6532";"163";"";"Versants et vallées encaissées des micaschistes du Plateau du Livradois, principalement forestiers, de pentes fortes à modérées ";"";"5.0";"2";"";"1";"2";"";"5";"9";"";"";"";"";"Plateau du Livradois";""
"43795";"6532";"164";"";"Collines et plateaux ondulés des micaschistes du Plateau du Livradois, souvent inférieurs à 1000 mètres d'altitude, principalement sous prairie, de pentes modérées à localement fortes";"";"3.0";"2";"";"2";"2";"";"6";"6";"";"";"";"";"Plateau du Livradois";""
"43796";"6532";"166";"";"Collines et plateaux ondulés des micaschistes du Plateau du Livradois, souvent supérieurs à 1000 mètres d'altitude, principalement sous forêt , de pentes modérées à localement fortes";"";"4.0";"2";"";"1";"2";"";"6";"9";"";"";"";"";"Plateau du Livradois";""
"43797";"6532";"1003";"";"Fonds des vallons et rebords de talwegs en contexte granitique et volcanique du Brivadois-Velay, à usage mixte, de pentes faibles à modérées";"";"6.0";"2";"";"7";"5";"";"12";"6";"";"";"";"";"Brivadois-Velay";""
"43798";"6532";"1001";"";"Fonds de vallons des coulées basaltiques influencés par le périglaciaire du Mézenc, principalement paturés, de pentes faibles à modérés";"";"7.0";"2";"";"7";"5";"10";"12";"6";"";"";"";"";"Mézenc";""
"43799";"6532";"1002";"";"Fonds de vallons des dépôts périglaciaires volcaniques phonolitiques et sédimentaires du Mézenc-Meygal, à usage mixte, de pentes faibles à modérées";"";"3.0";"2";"";"7";"5";"10";"12";"6";"";"";"";"";"Mézenc";""
"43800";"6532";"233";"";"Sucs phonolitiques influencés par le périglaciaire du Meygal, principalement forestiers, de pentes fortes";"";"8.0";"2";"";"1";"8";"";"13";"9";"";"";"";"";" Meygal";""
"43801";"6532";"236";"";"Rebords et fonds des vallons des Sucs phonolitiques et volcaniques divers du Meygal, influencés par le périglaciaire volcanique et les dépôts sédimentaires carbonatés et non carbonatés, à usage mixtes, de pentes modérés à fortes";"";"8.0";"2";"";"";"2";"10";"13";"6";"";"";"";"";"Meygal";""
"43802";"6532";"230";"";"Sucs phonolitiques influencés par le périglaciaires du Mézenc, principalement forestiers, de pentes fortes";"";"4.0";"2";"";"1";"2";"10";"13";"9";"";"";"";"";"Mézenc";""
"43804";"6532";"234";"";"Plateaux ondulés des coulées basaltiques et trachyandésitiques influencées par le périglaciaire, supérieurs à 1150 mètre d'altitude, sous prairie, de pentes faibles à modérées";"";"11.0";"2";"";"4";"8";"10";"6";"6";"";"";"";"";"Mézenc";""
"43805";"6532";"232";"";"Plateaux ondulés des coulées basaltiques et trachyandésitiques influencées par le périglaciaire, supérieurs à 1150 mètre d'altitude, sous forêt, de pentes faibles à modérées";"";"5.0";"2";"";"4";"8";"10";"6";"9";"";"";"";"";"Mézenc";""
"43806";"6532";"237";"";"Versants et replats des produits phréatomagmatiques du Mézenc, paturés, de pentes faibles à fortes ";"";"1.0";"1";"";"4";"8";"10";"6";"5";"";"";"";"";"Mézenc";""
"43807";"6532";"108";"";"Collines et plateaux inclinés du Mézenc, influencés par le périglaciaire mélangeant des matériaux cristallins avec du volcanisme, à usage mixte, de pentes modérés à localement fortes";"";"12.0";"2";"";"4";"10";"";"13";"6";"";"";"";"";"Mézenc";""
"43808";"6532";"209";"";"Versants ondulés des dépôts sédimentaires carbonatéss et non carbonatés, en mélange avec des produits basaltiques et ponctuellement cristallins, à usage mixte, de pentes modérées à fortes";"";"6.0";"";"";"1";"2";"14";"13";"6";"";"";"";"";"Mézenc-Meygal";""
