"id_ref_biblio";"annee";"titre";"ref_complete"
"0";"0";"pas de référence bibliographique";""
"1";"1979";"Pédologie: constituants et propriétés du sol";""
"2";"2003";"Analyse chimique des sols";""
"3";"2003";"Détermination de la matière organique par dosage du carbone organique dans les sols agricoles : méthode Walkley-Black modifiée, MA. 1010  WB 1.0";""
"4";"2003";"L'analyse du sol : minéralogique, organique et minéral";""
"5";"2007";"http://wwww.cirad.fr/activites/labo_analyse/";""
"6";"2003";"Détermination du phosphore assimilable dans les sols agricoles : méthode colorimétrique après extraction avec la méthode Mehlich III, MA. 1010  PC 1.0";""
"7";"1972";"Appréciation du pouvoir chlorosant des sols par un nouvel indice faisant intervenir le calcaire actif et le fer facilement extractible.";""
"8";"1981";"Caractérisation de quelques composants du potentiel chlorosant des différents milieux carbonatés dans le vignoble du Val de Loire. ";""
"9";"1982";"NF X 31-106 : détermination du calcaire actif ";""
"10";"1992";"NF X 31-108 : détermination des cations Ca++, Mg++, K+, Na+ extractibles par l'acétate d'ammonium. Méthode par agitation ";""
"11";"1982";"NF X 31-108 : détermination des cations Ca++, Mg++, K+, Na+ extractibles par l'acétate d'ammonium. Méthode par agitation ";""
"12";"1992";"NF X 31-120 : détermination du cuivre, du manganèse et du zinc. Extraction par l'acétate d'ammonium en présence d'EDTA. ";""
"13";"1986";"NF X 31-120 : détermination du cuivre, du manganèse et du zinc. Extraction par l'acétate d'ammonium en présence d'EDTA. ";""
"14";"1993";"NF X 31-121 : détermination du cuivre, du manganèse, du zinc et du fer. Extraction en présence de DTPA";""
"15";"1986";"NF X 31-121 : détermination du cuivre, du manganèse, du zinc et du fer. Extraction en présence de DTPA";""
"16";"1993";"NF X 31-122 : extraction du bore soluble à l'eau bouillante";""
"17";"1989";"NF X 31-122 : extraction du bore soluble à l'eau bouillante";""
"18";"1993";"NF X 31-130 : détermination de la capacité d'échange cationique (CEC) et des cations extractibles";""
"19";"1985";"NF X 31-130 : détermination de la capacité d'échange cationique (CEC) et des cations extractibles";""
"20";"1996";"FD X 31-146 : détermination de l'indice de pouvoir chlorosant (IPC) selon Juste et Pouget";""
"21";"1997";"NF X 31-148 : détermination de la teneur en fluor total par électrode spécifique après fusion alcaline";""
"22";"1993";"NF X 31-160 : détermination du phosphore soluble dans une solution à 20g.l-1 d'acide citrique monohydraté. Méthode Dyer";""
"23";"1984";"NF X 31-116 : détermination du phosphore soluble dans une solution à 20g.l-1 d'acide citrique monohydraté.";""
"24";"1894";"On the analytical determination of probably available ""mineral"" plant food in soils.";""
"25";"1993";"NF X 31-161 : détermination du phosphore soluble dans une solution d'oxalate d'ammonium à 0,1 mol.l-1. Méthode Joret-Hébert";""
"26";"1955";"Contribution à la détermination du besoin des sols en acide phosphorique";""
"27";"1994";"ISO 10390:1994 : détermination du pH";""
"28";"1988";"NF X 31-103 : détermination du pH dans l'eau";""
"29";"1988";"NF X 31-104 : détermination du pH dans KCl";""
"30";"1995";"ISO 10693:1995 : détermination de la teneur en carbonate. Méthode volumétrique";""
"31";"1982";"NF X 31-105 : détermination de la teneur en carbonate par calcimétrie";""
"32";"1995";"ISO 10694:1995 : dosage du carbone organique et du carbone total après combustion sèche (analyse élémentaire)";""
"33";"1994";"ISO 11260:1994 : Détermination de la capacité d'échange cationique effective et du taux de saturation en bases échangeables à l'aide d'une solution de chlorure de baryum";""
"34";"1979";"A proposed method for the measurement of exchange properties of highly weathered soils";""
"35";"1995";"ISO 11261:1995 : dosage de l'azote total. Méthode de Kjeldahl modifiée";""
"36";"1983";"NF X 31-111 : dosage de l'azote total";""
"37";"1995";"ISO 11263:1994 : dosage du phosphore. Dosage spectrométrique du phosphore soluble dans une solution d'hydrogénocarbonate de sodium";""
"38";"1954";"Estimation of available phosphorus in soils by extraction with sodium bicarbonate";""
"39";"1945";"Determination of total, organic, and available forms of phosphorus in soils.";""
"40";"1934";"An examination of the Degtjareff method for determining soil organic matter and a proposal modification of the chromic acid titration method";""
"41";"2003";"Détermination de la matière organique par incinération : méthode de perte de feu (PAF), MA. 1010  PAF 1.0";""
"42";"1984";"Mehlich 3 soil test extractant: A modification of Mehlich 2 extractant.";""
"43";"1995";"ISO 11265:1994 : Détermination de la conductivité électrique spécifique";""
"44";"1986";"NF X 31-113 : Détermination de la conductivité électrique spécifique";""
"45";"1995";"ISO 11466:1995 : extraction des éléments en traces solubles dans l'eau régale";""
"47";"1995";"ISO 13536:1995 : détermination de la capacité d'échange cationique potentielle et des teneurs en cations échangeables en utilisant une solution tampon de chlorure de baryum à pH = 8,1";""
"48";"1998";"ISO 13878:1998 : détermination de la teneur totale en azote par combustion sèche (""analyse élémentaire"")";""
"49";"1998";"ISO 14235:1998 : dosage du carbone organique par oxydation sulfochromique";""
"50";"1997";"FD X 31-610 : méthode de détermination semi-quantitative des hydrocarbures aromatiques polycycliques (HAP) dans les sols. Guide de sélection et d'utilisation des kits de dosage immunoenzymatique";""
"51";"1997";"XP X 31-612: méthodes de détection et de caractérisation des pollutions. Mesure in situ des COV dans les gaz du sol et du sous-sol d'un site";""
"52";"1996";"NF X 31-147: sols, sédiments. Mise en solution totale par attaque acide";""
"53";"2010";"référence LAS : SOL - 1854";""
"56";"2003";"Détermination du bore soluble à l'eau chaude dans les sols agricoles : méthode azométhine-H";"MA1010BA10.pdf (emplacement : \communs_infosol\Boite_a_outils\outils_pédologiques\methodes_analyses)"
"55";"2003";"Détermination du bore soluble à l'eau chaude dans les sols agricoles : méthode carmine";"MA1010BC10.pdf (emplacement : \communs_infosol\Boite_a_outils\outils_pédologiques\methodes_analyses)"
"57";"2017";"Mémoire Technique SADEF : Analyses d’échantillons de sols par fractionnement granulométrique des matières organiques";"SADEF MEMOIRE TECHNIQUE v1 maj 27112017.pdf"
