"id_ucs";"id_etude";"no_ucs";"surf_unit";"nom_ucs";"nom_local_ucs";"nb_uts";"organ_ucs_uts";"comm_ucs";"type_relief";"domai_morpho1";"domai_morpho2";"type_surf";"type_pays";"alt_min";"alt_max";"alt_mod";"met_alt";"reg_nat";"no_int_ucs"
"12397";"5336";"-6";"2598.0";"Zones urbanisées";"";"";"";"";"";"";"";"";"";"201.0";"481.0";"";"";"";""
"12398";"5336";"-4";"546.0";"Cours d'eau";"";"";"";"";"";"";"";"";"";"190.0";"238.0";"";"";"";""
"12399";"5336";"-3";"635.0";"Plans d'eau (étangs, lacs, retenues d'eau, ...)";"";"";"";"";"";"";"";"";"";"206.0";"327.0";"";"";"";""
"12420";"5336";"2107";"2386.0";"Petites vallées des plateaux et coteaux calcaires, sur alluvions récentes et colluvions (FLUVIOSOL-REDUCTISOL saturé colluvial 100%), sous cultures et prairies";"Petites vallées Sols hydromorphes argileux 100%";"1.0";"1";"";"6";"5";"2";"18";"6";"197.0";"412.0";"";"";"Plaines et collines calcaires de Limagne";""
"12400";"5336";"1101";"6728.0";"Vallée de la Loire, plaine alluviale (FLUVIOSOL leptique caillouteux 15% et FLUVIOSOL brunifié pachique, localement rédoxique 85%) sur alluvions récentes, sous prairies et cultures";"Plaine alluviale Sols caillouteux 15%, sablo-limoneux profonds 85%";"2.0";"2";"";"5";"5";"";"1";"6";"191.0";"252.0";"";"";"Vallée de la Loire";""
"12401";"5336";"1102";"3545.0";"Vallée de la Loire, plaine alluviale hydromorphe (FLUVIOSOL rédoxique pachique 85%, REDOXISOL fluvique pachique 8% et REDUCTISOL fluvique pachique 7%) sur alluvions récentes, sous prairies principalement";"Plaine alluviale hydromorphe Sols limono-argileux 85%,hydromorphes 15%";"3.0";"2";"";"5";"5";"";"1";"6";"191.0";"245.0";"";"";"Vallée de la Loire";""
"12402";"5336";"1103";"4627.0";"Vallée de la Loire, basses terrasses (FLUVIOSOL faiblement rédoxique 65%, REDOXISOL fluvique pachique 20% et REDUCTISOL fluvique pachique 10%) sur alluvions anciennes, sous prairies principalement";"Basses terrasses Sols limono-sableux à sablo-argileux 65%, hydromorphes 30%";"4.0";"2";"";"5";"5";"";"1";"6";"194.0";"248.0";"";"";"Vallée de la Loire";""
"12403";"5336";"1104";"4396.0";"Vallée de la Loire, hautes terrasses (BRUNISOL à NEOLUVISOL fluvique faiblement rédoxique 35%, BRUNISOL rédoxique 30%, LUVISOL rédoxique 25% et BRUNISOL leptique caillouteux 10%) sur alluvions très anciennes, sous cultures principalement";"Hautes terrasses Sols bruns sablo-limoneux 65%, lessivés 25%, caillouteux 10%";"4.0";"2";"";"5";"5";"";"1";"6";"200.0";"267.0";"";"";"Vallée de la Loire";""
"12404";"5336";"1201";"17961.0";"Vallée de l'Allier, plaine alluviale (FLUVIOSOL caillouteux inondable 40%, FLUVIOSOL TYPIQUE 20% et FLUVIOSOL BRUNIFIE 40%) sur alluvions récentes, sous végétation naturelle, prairies et cultures
";"Plaine alluviale, Sols caillouteux 40%, limono-sableux épais 40%, sableux 20%";"4.0";"2";"";"5";"5";"";"4";"6";"182.0";"380.0";"";"";"Val d'Allier";""
"12405";"5336";"1202";"3448.0";"Vallée de l'Allier, plaine alluviale hydromorphe, dépressions et base des basses terrasses (FLUVIOSOL à horizon rédoxique de profondeur 50%, REDUCTISOL 30% et REDOXISOL 20%) sur alluvions récentes, sous prairies et cultures";"Plaine alluviale hydromorphe Sols limono-sableux  50%, hydromorphes 50%";"3.0";"2";"";"5";"5";"";"4";"6";"184.0";"381.0";"";"";"Val d'Allier";""
"12406";"5336";"1203";"12591.0";"Vallée de l'Allier, basses et moyennes terrasses (BRUNISOL EUTRIQUE sableux 60%, rédoxique 15%, vertique 15% et REDOXISOL ferronodulaire 5%) sur alluvions anciennes, sous cultures et prairies";"Basses et moyennes terrasses Sols sableux eutrique 75%, vertique 15%, hydromorphe 5%";"9.0";"2";"";"5";"5";"";"1";"6";"194.0";"370.0";"";"";"Val d'Allier";""
"12407";"5336";"1204";"30756.0";"Vallée de l'Allier, hautes terrasses résiduelles planes et surfaces d'érosion (LUVISOL rédoxique 55%, PLANOSOL 10%, NEOLUVISOL-REDOXISOL 15%, BRUNISOL DYSTRIQUE 15% et EUTRIQUE 5%), sur argiles sableuses, sous forêts, prairies, vignes
";"Hautes terrasses résiduelles  et surfaces d'érosion Sols lessivés 55%, planosoliques 10%, bruns lessivés hydromorphes 15%, dystriques 15%, eutriques 5%";"8.0";"2";"";"5";"5";"3";"18";"6";"200.0";"512.0";"";"";"Val d'Allier";""
"12409";"5336";"1302";"2827.0";"Vallées du Cher et de l'Aumance, basses terrasses (BRUNISOL DYSTRIQUE fluvique 50%, BRUNISOL DYSTRIQUE fluvique caillouteux 40% et NEOLUVISOL redoxique fluvique 10%) d'alluvions anciennes limono-sablo-argileuses, ocre-rousse, sous prairies";"Basses terrasses Sols sablo-limoneux épais 50%, caillouteux 40%, argilo-sableux 10%";"3.0";"2";"";"5";"5";"";"1";"6";"169.0";"265.0";"";"";"Vallées du Cher et de l'Aumance";""
"12410";"5336";"1303";"3293.0";"Vallée du Cher, moyennes et hautes terrasses sur alluvions anciennes faiblement ondulées (NEOLUVISOL rédoxique 20 %, LUVISOL TYPIQUE-REDOXISOL 5%, BRUNISOL rédoxique 30%, BRUNISOL caillouteux 45%) principalement sous cultures et prairies";"Moyennes et hautes terrasses, Sols caillouteux peu épais 45%, sablo-limoneux 30%, argilo-sableux 20%, lessivés hydromorphes 5%";"4.0";"2";"";"5";"5";"";"6";"6";"168.0";"361.0";"";"";"Vallées du Cher et de l'Aumance";""
"12411";"5336";"1304";"1175.0";"Vallée du Cher, très hautes terrasses sur alluvions très anciennes (LUVISOL-REDOXISOL 45%, NEOLUVISOL rédoxique 30%, BRUNISOL DYSTRIQUE rédoxique 20%, REDOXISOL fluvique 3%) sous cultures et prairies, (PODZOSOL à mor 2%) sous chênaie acide";"Très hautes terrasses Sols lessivés hydromorphes 48%, argilo-sableux 30%,  sablo-limoneux 20%, podzolique 2%";"5.0";"2";"";"5";"5";"";"6";"6";"230.0";"328.0";"";"";"Vallées du Cher et de l'Aumance";""
"12412";"5336";"1401";"2587.0";"Vallée de la Besbre, plaine alluviale (FLUVIOSOL pachique 60% et FLUVIOSOL rédoxique 40%) sur alluvions récentes, sous prairies principalement";"Plaine alluviale Sols sablo-limoneux à sablo-argileux 100%";"2.0";"2";"";"5";"5";"";"1";"6";"212.0";"677.0";"";"";"Vallée de la Besbre et petites vallées affluentes de la Loire";""
"12413";"5336";"1402";"2501.0";"Vallée de la Besbre et petites vallée affluentes de la Loire, basses et moyennes terrasses (LUVISOL rédoxique 45%, BRUNISOL DYSTRIQUE fluvique 30%, et rédoxique 20% et REDUCTISOL fluvique pachique 5%), sous prairies et quelques cultures";"Basses et moyennes terrasses Sols lessivés 45%, sablo-limoneux à sablo-argileux 50%, hydromorphe 5%";"4.0";"2";"";"6";"5";"";"1";"2";"208.0";"290.0";"";"";"Vallée de la Besbre et petites vallées affluentes de la Loire";""
"12414";"5336";"2101";"9992.0";"Buttes (""turots"") et petits plateaux tabulaires calcaires à rebords escarpés (CALCOSOL 65% sur buttes et plateaux, RENDOSOL 30% sur sommets de butte et pentes et COLLUVIOSOL calcaire 5% en bas de pente), sous cultures principalement";"Buttes et petits plateaux tabulaires Sols argileux à argilo-sableux calcaires 70%, peu épais 30%";"6.0";"2";"";"4";"3";"";"9";"6";"238.0";"476.0";"";"";"Plaines et collines calcaires de Limagne";""
"12415";"5336";"2102";"21573.0";"Versant-glacis concave à pente faible au pied des reliefs calcaires et des hautes terrasses (CALCOSOL colluvial 75 % et CALCISOL 25%) sur colluvions issues d'alluvions anciennes et de marno-calcaires, sous cultures";"Versant-glacis concave à pente faible au pied des reliefs calcaires Sols limono-argileux à argileux calcaires 75%, argileux calciques 25%";"5.0";"2";"";"3";"2";"";"13";"5";"226.0";"495.0";"";"";"Plaines et collines calcaires de Limagne";""
"12416";"5336";"2103";"5684.0";"Talus et rebords des reliefs calcaires et des hautes terrasses  échancrés de vallons (RENDOSOL 30%, REGOSOL 20% sur pentes fortes, COLLUVIOSOL calcaire 40%, CALCOSOL leptique 10% sur pentes moyennes et bas de pente), sous landes et prairies";"Talus et rebords des reliefs calcaires Sols sablo-argileux à argileux calcaires 40%, peu épais 60%";"5.0";"2";"";"4";"2";"";"13";"6";"189.0";"442.0";"";"";"Plaines et collines calcaires de Limagne";""
"12417";"5336";"2104";"1316.0";"Dépressions marneuses de Limagne en bordure de fleuve (CALCISOL rédoxique 95% et REDUCTISOL TYPIQUE 5%) sur  colluvions des hautes terrasses et des marno-calacires, sous cultures et prairies";"Dépressions marneuses Sols limono-argileux à argileux calciques 95%, hydromorphes 5%";"2.0";"2";"";"8";"2";"";"2";"6";"240.0";"314.0";"";"";"Plaines et collines calcaires de Limagne";""
"12418";"5336";"2105";"3498.0";"Marais de Limagne Nord (Boucé et Louchy) et larges dépressions, ""Terres noires"" (TOPOVERTISOL 65%, CALCOSOL réductique clinohumique 10% et CALCOSOL 25%) sur mélange de colluvions marno-calcaires et d'alluvions, sous cultures
";"""Marais et larges dépressions, """"Terres noires"""" Sols argileux vertiques 65%, argileux calcaires 35%""";"4.0";"2";"";"8";"2";"";"2";"5";"240.0";"352.0";"";"";"Plaines et collines calcaires de Limagne";""
"12419";"5336";"2106";"3505.0";"Plaine faiblement ondulée de Forterre, entourée de versant-glacis concave, sur colluvions détritiques argilo-sableuses et marnes (CALCISOl argileux 95% et CALCOSOL 5%), sous cultures
";"Plaine faiblement ondulée de Forterre Sols argileux à argilo-sableux calcaires 95%, calciques 5%";"2.0";"2";"";"5";"2";"";"1";"5";"248.0";"323.0";"";"";"Plaines et collines calcaires de Limagne";""
"12422";"5336";"2202";"4523.0";"Coteaux marneux et marno-calcaires de Besbre (PELOSOL rédoxique 65%, CALCOSOL 25 %, COLLUVIOSOL carbonaté rédoxique à réductique 5 %, FLUVIOSOL réductique 3% à REDUCTISOL carbonaté histique 2% dans les vallons) sous cultures et prairies";"Coteaux marneux et marno-calcaires de Besbre Sols argileux calciques 65%, calcaires 35%";"5.0";"2";"";"2";"13";"5";"18";"2";"212.0";"384.0";"";"";"Plaines et collines calcaires de Limagne";""
"12424";"5336";"3102";"10669.0";"Glacis d'épandage éocène et lambeaux de terrasses à paléoaltérite rougeâtre (LUVISOL rédoxique 40%, PELOSOL-REDOXISOL 30%, BRUNISOL DYSTRIQUE pachique sur PALEOSOL 10%, BRUNISOL DYSTRIQUE leptique et rédoxique 20%) sous prairies et cultures";"Glacis d'épandage éocène et lambeaux de terrasses Sols lessivés 40%, pélosoliques hydromorphes 30%, sablo-argileux à argilo-sableux 30%";"5.0";"2";"";"3";"13";"";"17";"2";"166.0";"415.0";"";"";"Bocage Bourbonnais - Bassin de Montluçon";""
"12425";"5336";"3103";"122.0";"Buttes et reliefs résiduels calcaires de l'éocène (CALCISOL localement rédoxique 70%, et CALCOSOL pachique 30%), sous prairies et cultures";"Buttes et reliefs résiduels calcaires de l'éocène Sols argilo-sableux à argileux calciques 70%, calcaires 30%";"2.0";"2";"";"2";"13";"";"7";"2";"214.0";"356.0";"";"";"Bocage Bourbonnais - Bassin de Montluçon";""
"12426";"5336";"3104";"2018.0";"Petites vallées et vallons aplanis d'alluvions récentes des glacis d'épandage (FLUVIOSOL rédoxique 30%, FLUVIOSOL-REDOXISOL 40%, REDUCTISOL 30%) à prairies localement très humides";"Petites vallées et vallons aplanis des glacis d'épandage Sols limono-sableux à sablo-argileux hydromorphes 70%, sains 30%";"3.0";"2";"";"6";"5";"";"4";"6";"178.0";"354.0";"";"";"Bocage Bourbonnais - Bassin de Montluçon";""
"12427";"5336";"3201";"10654.0";"Bassins argilo-sableux tertiaires, aux interfluves plans et glacis-versant à pente faible (LUVISOL 25%, PELOSOL 30%, PLANOSOL 7%, REDOXISOL 20%, BRUNISOL DYSTRIQUE 10%, leptique sur PALEOSOL 6%), sous prairies, (ALOCRISOL 1%, PODZOSOL 1%)";"Bassins argilo-sableux tertiaires Sols hydromorphes 30%, pélosoliques 30%, lessivés 25%, sablo-limoneux 15%";"9.0";"2";"";"3";"2";"";"13";"1";"214.0";"503.0";"";"";"Bocage Bourbonnais -Bassin de Cosne-d'Allier";""
"12428";"5336";"3202";"1188.0";"Plateaux en glacis dépandages détritiques des bassins tertiaires (LUVISOL-REDOXISOL 50%, NEOLUVISOL rédoxique 20%, BRUNISOL DYSTRIQUE 20%, PLANOSOL 10%) sur sables et argiles à galets pliocènes, sous prairies et cultures";"Plateaux en glacis d’épandages détritiques pliocènes Sols lessivés hydromorphes 50%, sableux 40%, hydromorphes 10%";"4.0";"2";"";"3";"2";"";"13";"1";"229.0";"284.0";"";"";"Bocage Bourbonnais -Bassin de Cosne-d'Allier";""
"12429";"5336";"3203";"1620.0";"Plateaux aux interfluves plans et rebords d'interfluves des bassins tertiaires, recouverts de loess plus ou moins colluvionnés (LUVISOL TYPIQUE rédoxique 100%), sur limons, sous forêts et prairies
";"Plateaux aux interfluves plans et rebords d'interfluves des bassins tertiaires recouverts de lœss Sols lessivés 100%";"1.0";"1";"";"3";"4";"";"1";"1";"228.0";"316.0";"";"";"Bocage Bourbonnais -Bassin de Cosne-d'Allier";""
"12430";"5336";"3204";"172.0";"Dépressions à vastes fonds plats et versants à très faible pente concave des bassins tertiaires (PELOSOL TYPIQUE 10%, PELOSOL-REDOXISOL 35%, REDOXISOL 40%, REDUCTISOL 15%), sur alluvions et colluvions argileuses, sous prairies";"Dépressions à vastes fonds plats et versants à très faible pente concave Sols hydromorphes 90%, pélosoliques 10%";"4.0";"2";"";"8";"5";"";"4";"1";"229.0";"243.0";"";"";"Bocage Bourbonnais -Bassin de Cosne-d'Allier";""
"12431";"5336";"3205";"138.0";"Fonds de vallées très évasées des bassins tertiaires (FLUVIOSOL-REDOXISOL 85% et REDUCTISOL TYPIQUE 15%) sur alluvions récentes et colluvions issues des argiles sableuses tertiaires
";"Fonds de vallées très évasées Sols hydromorphes 100%";"2.0";"2";"57% de prairies
43% de forêts";"7";"5";"";"2";"1";"224.0";"301.0";"";"";"Bocage Bourbonnais -Bassin de Cosne-d'Allier";""
"12432";"5336";"3301";"16174.0";"Bassin de Bourbon l'A., plateaux gréseux permiens aux interfluves vallonnés (BRUNISOL DYSTRIQUE 42%, NEOLUVISOL 10%, LUVISOL 33%, PELOSOL planosolique 13%), «Buttons» sidérolithiques (BRUNISOL DYSTRIQUE 1%, RANKOSOL 1%), sous prairies";"Plateaux argilo-gréseux permiens aux interfluves vallonnés Sols sablo-limoneux à sablo-argileux 50%, lessivés 35%, pélosoliques 13%, sableux 2%";"6.0";"2";"";"4";"2";"";"13";"1";"221.0";"424.0";"";"";"Bocage Bourbonnais - Bassin de Bourbon-l'Archambault";""
"12433";"5336";"3302";"9633.0";"Bassin de Bourbon l'A., dépression permienne (s.s.), plaines et plateaux aux interfluves plans et longs versants à pente faible (BRUNISOL EUTRIQUE 45%, NEOLUVISOL 16%, LUVISOL 6%, PELOSOL 33%) sur argiles, schistes et grès, sous cultures
";"Dépression permienne (s.s.) Sols limono-sableux eutriques 45%, pélosoliques 35%, bruns lessivés 20%";"4.0";"2";"";"4";"2";"";"2";"1";"211.0";"342.0";"";"";"Bocage Bourbonnais - Bassin de Bourbon-l'Archambault";""
"12434";"5336";"3303";"3716.0";"Bassin de Bourbon l'A., cuesta du Permo-Trias, talus, replats et buttes (BRUNISOL EUTRIQUE rédoxique 40%, NEOLUVISOL rédoxique 20%, LUVISOL TYPIQUE rédoxique  5%, PELOSOL  35% sur argiles lourdes), sur grès argileux rouges, sous prairies";"Cuesta du Permo-Trias, talus, replats et buttes Sols limono-argilo-sableux eutriques 40%, pélosoliques 35%, bruns lessivés 25%";"4.0";"2";"";"4";"2";"";"2";"1";"207.0";"324.0";"";"";"Bocage Bourbonnais - Bassin de Bourbon-l'Archambault";""
"12435";"5336";"3304";"1049.0";"Bassin de Bourbon l'A., plateaux aux interfluves plans et rebords d'interfluves recouverts de limons polygéniques (LUVISOL 60%, NEOLUVISOL 40%), sur loess et altérites, sous forêts, prairies et cultures
";"Plateaux aux interfluves plans et rebords d'interfluves recouverts de limons Sols lessivés 60%, bruns lessivés 40%";"2.0";"3";"";"4";"4";"";"8";"1";"215.0";"308.0";"";"";"Bocage Bourbonnais - Bassin de Bourbon-l'Archambault";""
"12436";"5336";"3305";"247.0";"Bassin de Bourbon l'A., dépressions à vastes fonds plats et versants à très faible pente concave (PELOSOL 20%, REDOXISOL 75%, REDUCTISOL 5%), sur alluvions et colluvions argilo-limoneuses, sous prairies
";"Dépressions à vastes fonds plats et versants à très faible pente concave Sols hydromorphes 80%, pélosoliques 20%";"3.0";"2";"";"8";"5";"";"4";"1";"213.0";"308.0";"";"";"Bocage Bourbonnais - Bassin de Bourbon-l'Archambault";""
"12437";"5336";"3306";"3702.0";"Bassin de Bourbon l'A., fonds de vallées évasées (FLUVIOSOL-REDOXISOL limono-sablo-argileux 80% et REDUCTISOL 20%), sur alluvions récentes et colluvions issues du bassin permien, sous prairies";"Fonds de vallées évasées Sols hydromorphes 100%";"2.0";"3";"";"6";"5";"";"2";"1";"190.0";"359.0";"";"";"Bocage Bourbonnais - Bassin de Bourbon-l'Archambault";""
"12438";"5336";"3401";"2139.0";"Sud de la dépression marneuse du Val de Germigny (Berry), plateaux aux interfluves très plans, avec versants mous (CALCOSOL 20%, PELOSOL calcique 50%, RENDOSOL 10%, LUVISOL-REDOXISOL 20%), sous cultures et prairies";"Plateaux aux interfluves très plans, avec versants mous Sols argileux calciques 50%, limono-argileux calcaires 30%, lessivés hydromorphes 20%";"4.0";"2";"Avec loess superposés sur quelques interfluves très plans";"4";"2";"";"13";"1";"157.0";"244.0";"";"";"Bocage Bourbonnais - Dépression du Val de Germigny";""
"12439";"5336";"3402";"329.0";"Sud de la dépression marneuse du Val de Germigny (Berry), dépressions à vaste fond plat et versants concaves à très faible pente (PELOSOL calcique 45%, REDOXISOL 45%, REDUCTISOL calcique 5%), sur alluvions limono-argileuses, sous prairies";"Dépressions à vaste fond plat et versants concaves à très faible pente Sols argileux calciques 50%, hydromorphes 50%";"3.0";"2";"Dépressions correspondant à des vallées très élargies";"8";"5";"";"4";"1";"185.0";"228.0";"";"";"Bocage Bourbonnais - Dépression du Val de Germigny";""
"12440";"5336";"3403";"57.0";"Sud de la dépression marneuse du Val de Germigny (Berry), fonds de vallées très ouvertes (FLUVIOSOL BRUNIFIE (REDOXISOL) (REDUCTISOL) 100%), sur alluvions et colluvions calcaires, sous prairies";"Fonds de vallées très ouvertes Sols limono-argilo-sableux eutriques 100%";"1.0";"1";"";"7";"5";"";"2";"1";"185.0";"217.0";"";"";"Bocage Bourbonnais - Dépression du Val de Germigny";""
"12441";"5336";"3501";"17507.0";"Plateaux gréseux de Tronçais-Civrais aux interfluves plans, avec versant à pente variable et buttes (BRUNISOL DYSTRIQUE rédoxique 33%, leptique 7%, NEOLUVISOL 15%, LUVISOL rédoxique 27%, PLANOSOL 6%, REDOXISOL 12%), sous prairies et forêts";"Plateaux gréseux aux interfluves plans, avec versant à pente variable et buttes Sols sablo-limoneux 50%, lessivés 30%, hydromorphes 20%";"6.0";"2";"33% forêt
46% prairie";"4";"2";"";"13";"1";"157.0";"356.0";"";"";"Bocage Bourbonnais - Plateaux de Tronçais-Civrais";""
"12442";"5336";"3502";"5843.0";"Plateaux argilo-gréseux aux interfluves très plans, avec versants mous et plaines argileuses au Nord de Tronçais (NEOLUVISOL rédoxique 30%, LUVISOL rédoxique 28%, PELOSOL 10%, PLANOSOL 2%, BRUNISOL rédoxique 30%), sous prairies et cultures";"Plateaux argilo-gréseux aux interfluves très plans, avec versants mous et plaines argileuses Sols sablo-argileux 30%, sablo-limoneux 30%, lessivés 30%, pélosoliques 10%";"5.0";"2";"";"4";"2";"";"13";"1";"158.0";"300.0";"";"";"Bocage Bourbonnais - Plateaux de Tronçais-Civrais";""
"12443";"5336";"3503";"14740.0";"Plateaux  gréseux de Tronçais-Civrais, interfluves plans et rebords d'interfluves recouverts de limons polygéniques (LUVISOL-REDOXISOL 40%, LUVISOL DEGRADE 30% et NEOLUVISOL rédoxique 30%), sur loess, sous forêts et prairies";"Interfluves plans et rebords d'interfluves recouverts de limons Sols lessivés hydromorphes 40%, lessivés 30%, bruns lessivés 30%";"3.0";"3";"8% cultures
43% prairies
41% forêts";"4";"4";"";"1";"1";"192.0";"346.0";"";"";"Bocage Bourbonnais - Plateaux de Tronçais-Civrais";""
"12444";"5336";"3504";"151.0";"Dépressions argilo-limono-sableuses (vallées élargies), à vastes fonds plats et versants à très faible pente concave (PELOSOL 20%, REDOXISOL 75%,  REDUCTISOL 5%), sur alluvions anciennes, sous prairies ";"Dépressions à vastes fonds plats et versants à très faible pente concave Sols hydromorphes 100%";"3.0";"2";"13% cultures
40% prairies
22% forêts";"8";"5";"";"4";"1";"178.0";"230.0";"";"";"Bocage Bourbonnais - Plateaux de Tronçais-Civrais";""
"12445";"5336";"3505";"4614.0";"Fonds de vallées évasées (FLUVIOSOL-REDOXISOL à alios 80%, REDUCTISOL TYPIQUE 20%), sur colluvions et alluvions issues du Trias, sous prairies";"Fonds de vallées évasées Sols hydromorphes 100%";"2.0";"3";"75% prairies
20% forêts
5% cultures";"7";"5";"";"2";"1";"157.0";"377.0";"";"";"Bocage Bourbonnais - Plateaux de Tronçais-Civrais";""
"12446";"5336";"3601";"18736.0";"Plateaux en glacis dépandages détritiques aux Interfluves très plans de la rive gauche de l'Allier (LUVISOL-REDOXISOL 50%, NEOLUVISOL rédoxique 20%, BRUNISOL 20%, PLANOSOL 10%) sur sables et argiles à galets, sous prairies et forêts";"Plateaux en glacis d’épandages détritiques aux Interfluves très plans Sols lessivés hydromorphes 50%, bruns lessivés 20%, sableux 20%, planosoliques 10%";"4.0";"2";"60% prairies
30% forêts
10% cultures";"3";"2";"";"1";"1";"193.0";"322.0";"";"";"Bocage Bourbonnais - Plateaux d'épandages détritiques de Lurcy-Lévis";""
"12447";"5336";"3602";"11379.0";"Versants de pente moyenne des plateaux en glacis dépandages détritiques de la rive gauche de l'Allier (BRUNISOL DYSTRIQUE 80%, NEOLUVISOL rédoxique 18%) sur sables et argiles à galets pliocènes, sous prairies, PODZOSOL 2% sous forêts";"Versants de pente moyenne Sols sableux 80% bruns lessivés 18%, podzoliques 2%";"3.0";"2";"80% prairies
10% forêts
10% cultures";"3";"2";"";"13";"1";"186.0";"306.0";"";"";"Bocage Bourbonnais - Plateaux d'épandages détritiques de Lurcy-Lévis";""
"12448";"5336";"3603";"1162.0";"Versants et dépressions argilo-calcaires et siliceux de Couleuvre (BRUNISOL EUTRIQUE 20%, CALCISOL 10%, LUVISOL-REDOXISOL 20%, LUVISOL leptique 20%, PELOSOL 30%), sous prairies et cultures
";"Versants et dépressions argilo-calcaires et siliceux de Couleuvre Sols pélosoliques 30%, sablo-limoneux 20%, hydromorphes 20%, lessivés 20%, calciques 10%";"5.0";"2";"70% prairies
18% forêts
12% cultures";"3";"2";"";"13";"2";"195.0";"264.0";"";"";"Bocage Bourbonnais - Plateaux d'épandages détritiques de Lurcy-Lévis";""
"12449";"5336";"3604";"825.0";"Fonds de vallées alluviales et colluviales très ouvertes sur sables et argiles du Bourbonanis pliocènes (FLUVIOSOL BRUNIFIE rédoxique, BRUNISOL DYSTRIQUE alluvial, REDOXISOL, REDUCTISOL, à alios fréquent), sous prairies et cultures";"Fonds de vallées alluviales et colluviales très ouvertes Sols sablo-limoneux à limono-sableux 70%, hydromorphes 30%";"4.0";"2";"65% prairies
20% cultures
15% forêts";"7";"5";"";"2";"1";"183.0";"291.0";"";"";"Bocage Bourbonnais - Plateaux d'épandages détritiques de Lurcy-Lévis";""
"12452";"5336";"3703";"33547.0";"Rebords des glacis de pente assez forte (BRUNISOL eutrique et NEOLUVISOL rédoxique 65%, LUVISOL rédoxique 8%), et vallons (COLLUVIOSOL rédoxique 15%,  FLUVIOSOL rédoxique à REDUCTISOL histique 10%) principalement sous prairies et bois";"Rebords des glacis de pente assez forte Sols sablo-limoneux à sablo-argileux 65%, colluviaux 15%, lessivés planosoliques 10%, hydromorphes 10%";"7.0";"2";"";"3";"13";"5";"16";"2";"207.0";"367.0";"";"";"Sologne Bourbonnaise";""
"12453";"5336";"3704";"970.0";"Larges vallons humides (200 à 500 m) de Sologne Bourbonnaise à COLLUVIOSOL rédoxique 15%,  FLUVIOSOL rédoxique à réductique 25% et REDUCTISOL localement histique 60% principalement sous prairies";"Larges vallons humides Sols hydromorphes 60%, alluvio-colluviaux 40%";"3.0";"2";"";"6";"5";"";"1";"2";"209.0";"306.0";"";"";"Sologne Bourbonnaise";""
"12454";"5336";"3705";"6566.0";"Petites vallées drainant la Sologne Bourbonnaise (FLUVIOSOL pachique et rédoxique 15%, FLUVIOSOL-COLLUVIOSOL rédoxique à réductique 30%, REDOXISOL fluvique pachique 5%, REDUCTISOL fluvique et histique 50%), sous prairies principalement";"Petites vallées Sols hydromorphes 55%, alluviaux sableux à sablo-argileux 45%";"6.0";"2";"";"6";"5";"";"1";"2";"199.0";"435.0";"";"";"Sologne Bourbonnaise";""
"12459";"5336";"4105";"6236.0";"Buttes et plateaux cristallins de pentes faibles à modérées (LUVISOL rédoxique 10%, BRUNISOL DYSTRIQUE et rédoxique 85%), à petites vallées et vallons (FLUVIOSOL-REDOXISOL 1%, REDUCTISOL histique 2% et HISTOSOL 2%) à cultures et prairies";"Buttes et plateaux cristallins de pentes faibles à modérées Sols sableux 75%, limono-sablo-argileux 10%, lessivés 10%, hydromorphes 5%";"6.0";"2";"";"2";"13";"5";"6";"2";"245.0";"572.0";"";"";"Basse Combraille";""
"12460";"5336";"4106";"5677.0";"Massifs à alvéoles sur granite : collines, buttes, replats et dépressions mal drainées (RANKOSOL 10%, BRUNISOL DYSTRIQUE leptique 30%, colluvial 35%, rédoxique 5%, NEOLUVISOL rédoxique 5%, FLUVIOSOL-REDOXISOL 8%, REDUCTISOL 2%, histique 5%)";"Massifs à alvéoles sur granite Sols sablo-argileux 45%, sablo-limoneux peu épais 40%, hydromorphes 15%";"8.0";"2";"";"2";"2";"";"7";"1";"322.0";"650.0";"";"";"Basse Combraille";""
"12462";"5336";"4108";"7638.0";"Reliefs micaschisteux de St Eloy d'Allier à pentes modérées à fortes, à vallons et petites vallées (BRUNISOL DYSTRIQUE localement rubéfiés et leptique 95%, FLUVIOSOL-REDOXISOL 2% et REDUCTISOL localement histique 3%) à cultures et prairies";"Reliefs micaschisteux de St-Eloy-d'Allier Sols limono-sablo-argileux 60%, limono-sableux peu épais 35%, hydromorphes 5%";"4.0";"2";"";"2";"13";"5";"6";"2";"193.0";"402.0";"";"";"Basse Combraille";""
"12464";"5336";"4110";"187.0";"Buttes quartzitiques et crêtes des filons de quartz (ALOCRISOL 30% sur le sommet et les marges, BRUNISOL DYSTRIQUE colluvial (rédoxique) 60% sur altérites hydrothermales (argiles rose-saumon) des versants latéraux, PODZOSOL 10% sous forêts)";"Buttes quartzitiques et crêtes des filons de quartz Sols limono-sablo-argileux 60%, sablo-caillouteux peu épais 30%, podzoliques 10%";"3.0";"2";"";"2";"3";"";"8";"1";"268.0";"424.0";"";"";"Basse Combraille";""
"12456";"5336";"4102";"12692.0";"Versants à pente modérée à forte des vallées secondaires étroites entaillant le socle et escarpements (RANKOSOL 20%, BRUNISOL DYSTRIQUE leptique 50%, peu épais 20%, COLLUVIOSOL 5%, FLUVIOSOL 5%), à chênaies, landes et prairies";"Versants à pente modérée à forte des vallées secondaires étroites Sols sablo-caillouteux peu épais 70%, sols sablo-limoneux 20%, alluvio-colluviaux 10%";"5.0";"2";"";"2";"2";"";"13";"2";"180.0";"485.0";"";"";"Basse Combraille";""
"12467";"5336";"4201";"3394.0";"Gorges de la Sioule, ravins, versants à pente forte (>20%) des vallées secondaires entaillant le socle (LITHOSOL 60%, RANKOSOL 35%), et vallées en V très étroites (COLLUVIOSOL 5%), sous forêts, landes et prairies
";"Versants à pente forte (>20%) des vallées secondaires entaillant le socle Sols sablo-caillouteux superficiels 60%, peu épais 35%, hydromorphes 5%";"4.0";"2";"";"7";"2";"";"19";"9";"280.0";"581.0";"";"";"Moyenne Combraille";""
"12463";"5336";"4109";"10269.0";"Fossés houillers aux interfluves +/- pentus (LUVISOL et NEOLUVISOL rédoxiques 20%, ALOCRISOL 20%, BRUNISOL DYSTRIQUE 50%) à vallons et petites vallées (FLUVIOSOL-REDOXISOL à REDUCTISOL histique 10%) à cultures et prairies";"Fossés houillers aux interfluves +/- pentus Sols sablo-limoneux 60%, sableux peu épais 20%, lessivés 10%, hydromorphes 10%";"6.0";"2";"";"2";"13";"5";"16";"6";"164.0";"541.0";"";"";"Basse Combraille";""
"12465";"5336";"4111";"25622.0";"Plateaux et sommets d'interfluves à pentes faibles peu ondulés recouverts de placages plus ou moins limoneux ((NEO)LUVISOL TYPIQUE rédoxique 25%, NEOLUVISOL rédoxique 35%, BRUNISOL DYSTRIQUE rédoxique 40%), sous forêt, cultures et prairies";"Plateaux et sommets d'interfluves à pentes faibles recouverts de placages limoneux Sols sablo-argileux 50%, bruns lessivés 35%, lessivés 15%";"3.0";"2";"";"4";"13";"";"9";"2";"188.0";"497.0";"";"";"Basse Combraille";""
"12472";"5336";"4301";"18719.0";"Collines cristallines à pente faible  et vallons associés (BRUNISOL DYSTRIQUE +/- colluvial 77% NEOLUVISOL rédoxique 5% COLLUVIOSOL caillouteux pachique et rédoxique 13% REDUCTISOL histique 5%) à prairies, bois feuillus et quelques cultures";"Collines cristallines à pente faible  et vallons associés Sols sableux peu épais 65%, épais 15%, colluviaux 10%, bruns lessivés 5%, hydromorphes 5%";"6.0";"2";"";"2";"13";"5";"6";"2";"238.0";"652.0";"";"";"Collines Bourbonnaises";""
"12455";"5336";"4101";"10374.0";"Gorges du Cher, versants à pente forte (>20%) des vallées en V très étroites dans le socle (ALOCRISOL à oligomull 52%, RANKOSOL 20%, BRUNISOL DYSTRIQUE et leptique 20%, COLLUVIOSOL-FLUVIOSOL brut 5%), à chênaies acides, landes et prairies";"Gorges du Cher, versants à pente forte (>20%) des vallées en V très étroites dans le socle Sols sableux peu épais 82%, sableux 15%, hydromorphes 3%";"7.0";"3";"";"2";"13";"5";"14";"6";"179.0";"572.0";"";"";"Basse Combraille";""
"12457";"5336";"4103";"558.0";"Concavité basale d'escarpements, pied de versants, versant-glacis (NEOLUVISOL rédoxique 30%, BRUNISOL DYSTRIQUE colluvial pachique 65%) sur éboulis  et colluvions périglaciaires épaisses, sur socle altéré (mylonite), à cultures et prairies";"Concavité basale d'escarpements, pied de versants Sols sablo-argileux 65%, bruns lessivés 30%, hydromorphes 5%";"3.0";"3";"";"2";"10";"";"14";"6";"200.0";"469.0";"";"";"Basse Combraille";""
"12461";"5336";"4107";"2225.0";"Plateaux à interfluves plans sur roches basiques à pente faible, à petits vallons (BRUNISOL EUTRIQUE localement luvique 90%, FLUVIOSOL-REDOXISOL 7% à REDUCTISOL histique 3%) à cultures et prairies";"Plateaux à interfluves plans sur roches basiques à pente faible Sols limono-sablo-argileux eutriques 90%, hydromorphes 10%";"4.0";"3";"";"2";"13";"5";"6";"2";"218.0";"471.0";"";"";"Basse Combraille";""
"12473";"5336";"4302";"28024.0";"Collines cristallines de pentes moyennes et vallons associés (BRUNISOL DYSTRIQUE leptique et colluvial 57% RANKOSOL 35% NEOLUVISOL rédoxique 3% COLLUVIOSOL-FLUVIOSOL rédoxique 5%) à prairies, bois feuillus avec quelques cultures";"Collines cristallines de pentes moyennes et vallons associés Sols sableux peu épais 80%, épais 15%, colluviaux 5%";"6.0";"2";"";"2";"13";"5";"16";"2";"241.0";"929.0";"";"";"Collines Bourbonnaises";""
"12466";"5336";"4112";"7754.0";"Fonds de vallées (talwegs encaissés) d'alluvions récentes et de colluvions de reliefs cristallins (FLUVIOSOL sableux 50%, FLUVIOSOL-REDOXISOL 45%, REDUCTISOL à horizons histiques profonds (HISTOSOL) 5%), à prairies localement très humides";"Fonds de vallées (talwegs encaissés) Sols sableux à sablo-argileux 50%, hydromorphes 50%";"4.0";"2";"";"7";"5";"";"5";"2";"171.0";"504.0";"";"";"Basse Combraille";""
"12476";"5336";"4305";"4758.0";"Collines gréseuses de pente faible et vallons associés (BRUNISOL DYSTRIQUE leptique et rédoxique 75% et NEOLUVISOL rédoxique 10% COLLUVIOSOL-FLUVIOSOL rédoxique à réductique, localement histique 5%) sous cultures et prairies";"Collines gréseuses de pente faible et vallons associés Sols sablo-limoneux 75%, bruns lessivés 20%, colluviaux 5%";"4.0";"2";"";"2";"13";"5";"17";"2";"263.0";"414.0";"";"";"Collines Bourbonnaises";""
"12477";"5336";"4306";"2125.0";"Petites vallées drainant les Collines Bourbonnaises (FLUVIOSOL pachique et rédoxique 15%, FLUVIOSOL-COLLUVIOSOL rédoxique à réductique 30%, REDOXISOL fluvique pachique 5%, REDUCTISOL fluvique et histique 50%) sous prairies principalement";"Petites vallées Sols hydromorphes 55%, alluviaux sableux à sablo-argileux 45%";"6.0";"2";"";"6";"5";"";"3";"2";"253.0";"743.0";"";"";"Collines Bourbonnaises";""
"12478";"5336";"4307";"2056.0";"Plateaux et sommets d'interfluves des Collines Bourbonnaises à pentes faibles, peu ondulés, recouverts de placages plus ou moins limoneux (LUVISOL rédoxique 20%, NEOLUVISOL 30%, BRUNISOL DYSTRIQUE 15%, leptique 35%), sous prairies et forêts";"Plateaux et sommets d'interfluves à pentes faibles recouverts de placages limoneux Sols sableux 50%, bruns lessivés 30%, lessivés 20%";"4.0";"2";"";"4";"13";"";"9";"1";"264.0";"497.0";"";"";"Collines Bourbonnaises";""
"12480";"5336";"4402";"1596.0";"Montagnes cristallines à pente faible d'origine glaciaire et vallons très humides (ALOCRISOL et podzolique 45% PODZOSOL ocrique 5% BRUNISOL DYSTRIQUE leptique 35% ORGANOSOL fluvique 5% et HISTOSOL fibrique 10%) sous hêtraies-pessières";"Montagnes cristallines à pente faible d'origine glaciaire et vallons très humides Sols sablo-caillouteux peu épais 65%, épais 15%, histiques 15%, podzoliques 5%,";"6.0";"2";"";"1";"13";"5";"8";"9";"710.0";"1284.0";"";"";"Montagne Bourbonnaise";""
"12481";"5336";"4403";"741.0";"Petites vallées et larges vallons des collines et montagnes bourbonnaises (COLLUVIOSOL pachique et rédoxique à réductique 52%, REDUCTISOL fluvique localement histique 45% et HISTOSOL fibrique 3%) à prairies et bois feuillus ou résineu";"Petites vallées et larges vallons des collines et montagnes bourbonnaises Sols alluvio-colluviaux 52%, hydromorphes 45%, histiques 3%";"4.0";"2";"";"6";"5";"";"5";"6";"319.0";"881.0";"";"";"Montagne Bourbonnaise";""
"12469";"5336";"4203";"636.0";"Dôme d'Echassières sur granite leucocrate à muscovite très altéré (kaolinisation) (NÉOLUVISOL rédoxique 75%, BRUNISOL DYSTRQUE 20%, COLLUVIOSOL-REDOXISOL 5%) , carrière de kaolin, forêt (Forêt des Colettes), prairies
";"Dôme d'Echassières Sols bruns lessivés 75%, sablo-argileux 20%, hydromorphes 5%";"3.0";"2";"";"2";"2";"";"7";"6";"519.0";"756.0";"";"";"Moyenne Combraille";""
"12470";"5336";"4204";"2970.0";"Versants à pente forte (>20%) de la vallée de la Bouble et des vallées secondaires entaillant les micaschistes (RANKOSOL 70%, BRUNISOL DYSTRIQUE 15%, rédoxique 10%), et vallées en V (COLLUVIOSOL-FLUVIOSOL 5%), forêts, landes et prairies
";"Versants à pente forte (>20%) de la vallée de la Bouble Sols limono-sablo-argileux caillouteux peu épais 70%, sablo-argileux 25%, hydromorphes 5%";"4.0";"2";"";"7";"2";"";"13";"9";"313.0";"727.0";"";"";"Moyenne Combraille";""
"12471";"5336";"4205";"4055.0";"Plateaux micaschisteux aux interfluves vallonnés, à versants de pente modérée à forte (NEOLUVISOL-REDOXISOL 85%, RANKOSOL 8%), et vallons associés (COLLUVIOSOL-REDOXISOL 5%, REDUCTISOL 2%), sous forêts, prairies et cultures
";"Plateaux micaschisteux aux interfluves vallonnés, à versants de pente modérée à forte Sols bruns lessivés hydromorphes 85%, peu épais 10%, hydromorphes 5%";"4.0";"2";"";"2";"2";"";"13";"6";"421.0";"766.0";"";"";"Moyenne Combraille";""
"12450";"5336";"3701";"21034.0";"Glacis d'épandage et lambeaux de terrasses de Sologne Bourbonnaise, de pentes faibles à très faibles (LUVISOL rédoxique 40%, LUVISOL planosolique 50%, PLANOSOL 10%) sous grandes cultures, prairies et bois (sur les surfaces les plus dégradées)";"Glacis d'épandage et lambeaux de terrasses de pentes faibles à très faibles Sols lessivés 50%, lessivés planosoliques 40%, planosoliques 10%";"3.0";"2";"";"3";"13";"";"17";"2";"205.0";"447.0";"";"";"Sologne Bourbonnaise";""
"12468";"5336";"4202";"7588.0";"Plateaux cristallins aux interfluves vallonnés, à versants de pente modérée à forte (BRUNISOL DYSTRIQUE 65%, rédoxique 24%, RANKOSOL 5%), et vallons associés (COLLUVIOSOL-REDOXISOL 4%, REDUCTISOL 2%), sous prairies et cultures";"Plateaux cristallins aux interfluves vallonnés, à versants de pente modérée à forte Sols sablo-argileux moyennement épais 90%, peu épais 5%, hydromorphes 5%";"5.0";"2";"";"2";"2";"";"13";"6";"280.0";"622.0";"";"";"Moyenne Combraille";""
"12408";"5336";"1301";"4184.0";"Vallées du Cher, de l'Aumance et affluents, plaine alluviale du lit majeur, inondable (FLUVIOSOL BRUNIFIE 50%, BRUNISOL DYSTRIQUE fluvique réductique 35% et REDUCTISOL 15%  dans les bras morts), sous prairies";"Plaine alluviale, Sols sableux à sablo-argileux 85%, hydromorphe 15%";"3.0";"2";"";"5";"5";"";"1";"5";"156.0";"259.0";"";"";"Vallées du Cher et de l'Aumance";""
"12421";"5336";"2201";"5708.0";"Entablements et coteaux calcaires et marneux du Val d'Allier, surfaces faiblement ondulées (CALCOSOL 40%, CALCISOL 30%, RENDOSOL 6%, en bas de pente CALCISOL rédoxique 20%, COLLUVIOSOL 3%, FLUVIOSOL-REDUCTISOL 1%), sous cultures et prairies";"Coteaux et entablements calcaires et marneux du Val d'Allier Sols argileux à argilo-sableux calcaires 50%, calciques 50%";"7.0";"3";"";"4";"3";"";"1";"2";"212.0";"312.0";"";"";"Plaines et collines calcaires de Limagne";""
"12474";"5336";"4303";"5948.0";"Collines cristallines à pente modérée et vallons associés (BRUNISOL DYSTRIQUE leptique et pachique 75% RANKOSOL 5% NEOLUVISOL et COLLUVIOSOL rédoxique 15% REDUCTISOL histique 5%) sous prairies et chênaies acides principalement";"Collines cristallines à pente modérée et vallons associés Sols sableux épais 70%, peu épais 20%, colluviaux 5%, hydromorphes 5%";"6.0";"2";"";"2";"13";"5";"6";"2";"374.0";"950.0";"";"";"Collines Bourbonnaises";""
"12475";"5336";"4304";"4064.0";"Collines schisteuses de pente moyenne (BRUNISOL DYSTRIQUE et rédoxique 70% RANKOSOL 20%), à chênaies acides, et vallons associés (COLLUVIOSOL pachique et rédoxique 6%, REDUCTISOL histique 4%) principalement sous prairies";"Collines schisteuses de pente moyenne Sols sablo-limoneux 70%, peu épais 20%, colluviaux 5%, hydromorphes 5%";"7.0";"2";"";"2";"13";"5";"6";"2";"257.0";"436.0";"";"";"Collines Bourbonnaises";""
"12423";"5336";"3101";"3862.0";"Glacis d'épandage éocène de pente faible avec quartzite et paléoaltérite rougeâtre (BRUNISOL DYSTRIQUE leptique 25% et quartzique rubéfié 20%, BRUNISOL DYSTRIQUE pachique rédoxique 50% sur PALEOSOL) sous prairies principalement et cultures";"Glacis d'épandage éocène de pente faible avec quartzite et paléoaltérite rougeâtre Sols sablo-argileux acides 50%, peu épais 50%";"5.0";"3";"";"3";"13";"";"17";"2";"217.0";"392.0";"";"";"Bocage Bourbonnais - Bassin de Montluçon";""
"12451";"5336";"3702";"75079.0";"Glacis de pente moyenne de Sologne Bourbonnaise (LUVISOL rédoxique et planosolique 65%, NEOLUVISOL et BRUNISOL eutrique rédoxique 20%), et vallons (COLLUVIOSOL rédoxique 5%, FLUVIOSOL rédoxique à REDUCTISOL histique 8%) sous grandes cultures, prairies et bois";"Glacis de pente moyenne Sols lessivés 50%, lessivés planosoliques 15%, sablo-limoneux 20%, hydromorphes 10%, alluvio-colluviaux 5%";"9.0";"3";"";"3";"13";"5";"17";"2";"212.0";"454.0";"";"";"Sologne Bourbonnaise";""
"12458";"5336";"4104";"105101.0";"Plateaux cristallins et métamorphiques à interfluves plans ou vallonnés (LUVISOL et NEOLUVISOL rédoxique 25%, BRUNISOL DYSTRIQUE et leptique 64%), et petites vallées (COLLUVIOSOL-REDOXISOL 4%, REDUCTISOL 2%), à prairies et quelques cultures";"Plateaux cristallins et métamorphiques à interfluves plans ou vallonnés Sols sablo-argileux 35%, sablo-limoneux peu épais 35%, bruns lessivés 20%, hydromorphes 10%";"8.0";"3";"";"4";"13";"5";"6";"2";"186.0";"640.0";"";"";"Basse Combraille";""
"12479";"5336";"4401";"13335.0";"Montagnes cristallines de pente moyenne à forte et vallons associés (BRUNISOL DYSTRIQUE leptique et pachique 65%, ALOCRISOL et PODZOSOL ocrique 25% COLLUVIOSOL rédoxique REDUCTISOL et HISTOSOL 10%) à hêtraies-pessières et prairies";"Montagnes cristallines de pente moyenne à forte Sols sablo-caillouteux peu épais 73%, épais 20%, hydromorphes 3%, podzoliques 2%, histiques 2%";"9.0";"2";"";"1";"13";"5";"15";"6";"375.0";"1161.0";"";"";"Montagne Bourbonnaise";""
