id_codage_strate_qual;nom_var;id_codage
1;ABONDANCE CRISTAUX P;75
2;ABONDANCE CRISTAUX S;75
3;ABONDANCE MO;67
4;ABONDANCE NODULES P;92
5;ABONDANCE NODULES S;92
6;ABONDANCE PORES;69
7;ABONDANCE TACHE DEG;38
8;ABONDANCE TACHE OXY;38
9;ABONDANCE TACHE RED;38
44;EPAISSEUR REVET P;33
45;EPAISSEUR REVET S;33
13;ADHESIVITE;96
18;CONTRAINTE;122
15;ASPECT CONDUITS;73
16;ASPECT FACES;37
17;COMPACITE;94
106;DISTRIBUTION TACHE RUB;43
19;CONTRASTE TACHE DEG;42
20;CONTRASTE TACHE OXY;42
21;CONTRASTE TACHE RED;42
33;DISTRIBUTION TACHE DEG;43
47;FORME EG P;17
24;DIMENSION CRISTAUX P;76
25;DIMENSION CRISTAUX S;76
26;DIMENSION NODULES P;88
27;DIMENSION NODULES S;88
28;DIMENSION PORES;70
29;DIMENSION TACHE DEG;40
30;DIMENSION TACHE OXY;40
31;DIMENSION TACHE RED;40
32;DISPOSITION FENTES;68
11;ACIDITE EG P;13
12;ACIDITE EG S;13
36;DURETE;100
48;FORME EG S;17
49;FORME NODULES P;90
50;FORME NODULES S;90
41;EFFERVESCENCE;19
42;EPAISSEUR CIMENT P;79
43;EPAISSEUR CIMENT S;79
69;NETTETE STRUC S;23
46;FERMETE;97
75;ORIENTATION EG P;227
76;ORIENTATION EG S;227
80;QUANTITE REVET P;31
81;QUANTITE REVET S;31
90;TAILLE EG P;11
52;FORME TACHE DEG;41
53;FORME TACHE OXY;41
54;FORME TACHE RED;41
55;FRAGILITE;99
94;TEXTURE AISNE;302
57;FRIABILITE;98
58;LOCALISATION EFFERV;20
59;LOCALISATION REVET P;35
60;LOCALISATION REVET S;35
61;NATURE CIMENT;78
62;NATURE CRISTAUX;77
63;NATURE NODULES;84
64;NATURE REVETEMENT;29
91;TAILLE EG S;11
14;ALTERATION MO;103
56;FRAGMENTATION MO;102
95;TEXTURE BELGIQUE;303
70;NETTETE TACHE DEG;39
71;NETTETE TACHE OXY;39
72;NETTETE TACHE RED;39
107;FORME TACHE RUB;41
74;ORIENTATION CONDUITS;231
96;TEXTURE GEPPA;304
97;TEXTURE USDA;305
77;PENETRATION RACINE;59
78;PLASTICITE;95
108;NETTETE TACHE RUB;39
73;NOM EG;306
82;REGULARITE CIMENT P;281
83;REGULARITE CIMENT S;281
84;REGULARITE LIM INF;8
85;SALURE;21
86;STRUCTURE CIMENT P;81
87;STRUCTURE CIMENT S;81
102;CARBONATATION EG P;226
103;CARBONATATION EG S;226
101;ABONDANCE TACHE RUB;38
104;CONTRASTE TACHE RUB;42
92;TAILLE SABLE;10
105;DIMENSION TACHE RUB;40
98;TRANSFORMATION EG P;15
99;TRANSFORMATION EG S;15
100;TYPE STRUCTURE;22
109;ABOND ACT BIO;74
110;ABOND ACT ANTHRO;232
111;NAT ACT BIO;223
112;NAT ACT ANTHRO;233
114;ACIDITE EG P D2;311
34;DISTRIBUTION TACHE OXY;43
35;DISTRIBUTION TACHE RED;43
23;DENSITE CONDUITS VERS;72
37;DURETE CIMENT P;80
38;DURETE CIMENT S;80
39;DURETE NODULES P;85
40;DURETE NODULES S;85
68;NETTETE STRUC P;23
79;POROSITE STRATE;71
22;COULEUR;
113;ABOND TRACE ACTIVITE;74
67;NATURE TRACE ACTIVITE;310
115;ACIDITE EG S D2;311
