"id_ucs";"id_etude";"no_ucs";"surf_unit";"nom_ucs";"nom_local_ucs";"nb_uts";"organ_ucs_uts";"comm_ucs";"type_relief";"domai_morpho1";"domai_morpho2";"type_surf";"type_pays";"alt_min";"alt_max";"alt_mod";"met_alt";"reg_nat";"no_int_ucs"
"26195";"4205";"13";"824.0";"Plaine alluviale du bassin sédimentaire de Maurs, à usages mixtes, de pentes faibles à localement fortes";"";"4.0";"";"";"6";"5";"";"4";"3";"232.0";"303.0";"259.0";"1";"";""
"26192";"4205";"10";"1810.0";" Plateaux ondulés et versants des dépôts sédimentaires carbonatés et non carbonatés du bassin de Maurs à Montmurat, à usages mixtes, de pentes moyennes à localement fortes ";"";"7.0";"";"";"2";"3";"";"6";"2";"238.0";"433.0";"287.0";"1";"";""
"26189";"4205";"7";"2250.0";"Vallons des massifs micaschisteux de Vézac au Trioulou , à usages mixtes, de pentes faibles à localement fortes";"";"3.0";"3";"";"6";"5";"";"1";"2";"251.0";"811.0";"642.0";"1";"";""
"26199";"4205";"17";"7384.0";"Surfaces d'aplanissement de Quézac et Saint-Paul-des-Landes, recouvertes par des dépôts sédimentaires non carbonatés, à usages mixtes, de pentes faibles à moyennes";"";"5.0";"2";"";"2";"3";"";"6";"2";"403.0";"670.0";"578.0";"";"";""
"26190";"4205";"8";"562.0";"Buttes sédimentaires carbonatées de Saint-Santin et Montmurat, des pelouses et prairires , de pentes moyennes à localement fortes ";"";"3.0";"3";"";"2";"3";"";"9";"2";"256.0";"407.0";"317.0";"1";"";""
"26261";"4205";"22";"1208.0";"Vallons des massifs granitiques de Cros-de-Montvert à Sansac-Veinazès, à usages mixtes, de pentes faibles à moyennes";"";"5.0";"3";"";"6";"5";"";"4";"2";"428.0";"778.0";"588.0";"";"";""
"26264";"4205";"24";"7053.0";"Plateaux et collines des dépressions à alvéoles du massif granitique de Glenat et la Ségalassière, à usages mixtes, de pentes moyennes à faibles";"";"8.0";"2";"";"2";"3";"";"6";"2";"493.0";"750.0";"610.0";"1";"";""
"43313";"4205";"62";"775.0";"Pointements volcaniques à versants sédimentaires sablo-argileux des plateaux de Champagnac, Chalvignac, Saint-Pierre et du fossé houiller, pâturés et forestièrs, de pentes fortes à très fortes";"";"4.0";"2";"";"3";"8";"";"16";"6";"462.0";"696.0";"600.0";"1";"";""
"43343";"4205";"25";"2416.0";"Plaine alluviale de la vallée de la Cère sur produits fluvioglaciaires volcaniques et mixtes (volcanisme/socle), principalement paturée, de pentes faibles à localement fortes ";"";"6.0";"2";"";"5";"5";"8";"4";"2";"580.0";"1143.0";"630.0";"1";"Carladès";""
"43360";"4205";"77";"8110.0";"Plateaux inclinés des coulées basaltiques et dépôts glaciaires de la Planèze du Suc Gros, du Puy Violent et du Legal, supérieurs  à 1100 mm de bilan hydrique annuel, principalement pâturés et en estives, de pentes modérées à localement fortes";"";"5.0";"3";"";"1";"8";"9";"6";"4";"932.0";"1756.0";"1276.0";"1";"";""
"43297";"4205";"31";"919.0";"Plaine alluviale de l'Alagnon sur colluvions-alluvions majoritairement volcaniques, principalement pâturée et cultivée, de pentes faibles à modérées";"";"4.0";"2";"";"6";"5";"8";"3";"2";"739.0";"1174.0";"890.0";"1";"";""
"43314";"4205";"63";"2447.0";"Fossé houiller d'Ydes sur dépôts sédimentaires gréseux et houillers et roches cristallines ou cristallophylliennes, paturé et forestier, de pentes faibles à fortes";"";"7.0";"3";"";"8";"2";"";"6";"6";"357.0";"615.0";"494.0";"1";"";""
"43361";"4205";"78";"11306.0";"Amont de la vallée de la Jordanne en relief de serre, sur trachyandésite et produits glaciaires, supérieur à 1100 mm de bilan hydrique annuel, principalement en estive et forestier, de pentes modérées à abruptes";"";"6.0";"3";"";"1";"8";"";"13";"6";"797.0";"1849.0";"1226.0";"1";"";""
"43298";"4205";"30";"781.0";"Plaines alluviales de l'Alagnon, de la Sianne et leurs affluents, en contexte cristallophyllien et volcanique, principalement pâturées et cultivées, de pentes faibles à modérées";"";"4.0";"3";"";"6";"5";"";"3";"2";"507.0";"755.0";"568.0";"";"";""
"43341";"4205";"57";"9312.0";"Plateaux ondulés et collines de St-Cernin à Carlat sur brèches d'avalanches de débris et dépôts glaciaires, principalement paturés, de pente modérées à localement fortes";"";"9.0";"3";"";"1";"8";"";"6";"2";"550.0";"1201.0";"860.0";"1";"";""
"43299";"4205";"32";"29337.0";"Versants et vallées encaissées cristallophyliennes de la Truyères, de l'Alagnon et de leurs affluents, pouvant présenter parfois des influences volcaniques, principalement boisées, de pentes fortes à très fortes";"";"11.0";"2";"Paysage forestier";"2";"3";"";"17";"0";"516.0";"1267.0";"824.0";"";"";""
"43345";"4205";"27";"647.0";"Plaines alluviales de la vallée de l'Epie, du Brézons et du Siniq sur produits fluvioglaciaires majoritairement volcaniques, principalement paturées, de pentes faibles à localement fortes";"";"4.0";"2";"";"6";"5";"9";"3";"2";"693.0";"1141.0";"997.0";"1";"Planèzes";""
"43315";"4205";"64";"8178.0";"Vallées encaissées entre Ally et Vendes, sur gneiss, majoritairement forestiers, de pentes fortes à extrêmes";"";"10.0";"3";"";"3";"2";"";"17";"0";"254.0";"758.0";"523.0";"1";"";""
"43316";"4205";"65";"4648.0";"Versants entre Lacapelle-Viescamp et Pleaux sur micaschistes, majoritairement forestiers, de pentes fortes à extrêmes";"";"8.0";"3";"";"3";"2";"";"17";"0";"339.0";"744.0";"548.0";"1";"";""
"43373";"4205";"103";"1997.0";"Fonds des vallées glaciaires de la Rhue, de la Santoire, de la Véronne et de la Grolle, à forte influence volcanique en amont et en mélange avec du socle en aval, principalement paturés, de pentes faibles à localement fortes";"";"8.0";"2";"";"5";"9";"";"12";"2";"452.0";"1221.0";"990.0";"1";"";""
"43362";"4205";"79";"16643.0";"Plateaux inclinés des coulées basaltiques et des dépôts glaciaires de la Planèze de Trizac, Valette, Salers, Saint-Chamant et Pleaux, compris entre 600 et 1100 mm de bilan hydrique annuel, paturés et d'estives, de pentes faibles à modérées et localement fortes";"";"10.0";"3";"";"1";"8";"9";"6";"6";"669.0";"1230.0";"945.0";"1";"";""
"43301";"4205";"35";"22861.0";"Plateaux inclinés des coulées basaltiques et des dépôts glaciaires de la Planèze de St-Flour, Pierrefort et Malbo, inférieurs à 600 mm de bilan hydrique annuel, principalement cultivés et pâturés, de pentes faibles à modérées";"";"9.0";"2";"";"3";"8";"3";"13";"5";"844.0";"1315.0";"1025.0";"";"";""
"43374";"4205";"104";"6298.0";"Versants de la vallée de la petite Rhue et de la Santoire sur brèches d'avalanche de débris, dépôts glaciaires et coulées de basalte, à usages mixtes, de pentes moyennes à fortes et localement très fortes ";"";"10.0";"3";"";"1";"2";"9";"13";"2";"920.0";"1429.0";"1086.0";"";"";""
"25829";"4205";"1";"19251.0";"Collines et vallées sinueuses granitiques de Rouffiac, Saint Etienne de Cantalès, Senezergue et Laroquebrou, à usages mixtes, de pente faibles à fortes";"";"8.0";"3";"";"2";"3";"";"";"2";"305.0";"770.0";"591.0";"";"";""
"25831";"4205";"3";"33542.0";" Surfaces aplanies des micaschistes entaillées par un réseau hydrographique en arrêtes de poisson de Labrousse au Trioulou, à usages mixtes, de pentes faibles à localement fortes ";"";"6.0";"3";"";"2";"3";"";"18";"2";"221.0";"845.0";"684.0";"1";"";""
"43401";"4205";"672";"9121.0";"Plateaux inclinés des coulées basaltiques de Pleaux, Saint-Santin et Mauriac, souvent en mélange avec des micaschistes,  à usages mixtes, de pentes faibles à modérées";"";"8.0";"2";"";"4";"8";"";"6";"";"546.0";"790.0";"686.0";"1";"";""
"43318";"4205";"68";"2815.0";"Bordures des coulées basaltiques de Pleaux et Saint-Santin-Cantalès, sur micaschiste en place ou altérite remaniée et coulées de basaltes fantômes ou digérées, à usages mixtes, de pentes modérées à fortes";"";"8.0";"3";"";"3";"3";"";"6";"2";"436.0";"725.0";"616.0";"1";"";""
"43302";"4205";"36";"9045.0";"Fonds des vallons et rebords de talwegs des coulées basaltiques et des dépôts glaciaires de la Planèze de St-Flour et de Pierrefort, principalement pâturés et cultivés, de pentes faibles à localement fortes";"Fonds de vallons humides et rebords de talwegs des coulées volcaniques et des dépots glaciaires de la Planèze de Saint-Flour et de Pierrefort, principalement pâturés et cultivés, de pentes très faibles à localement modérées";"10.0";"2";"";"2";"8";"3";"2";"5";"900.0";"1445.0";"1019.0";"1";"";""
"43375";"4205";"108";"10144.0";"Versants des vallées encaissées du socle cristallin et cristallophyllien de la Suméne, de la Grande Rhue et de leurs affluents, souvent recouverts par des dépôts glaciaires volcaniques, principalement forestiers, de pentes fortes à très fortes  ";"";"6.0";"3";"";"1";"2";"10";"5";"9";"415.0";"1151.0";"788.0";"1";"";""
"43348";"4205";"41";"1558.0";"Pointements et coulées volcaniques dispersés au sein du socle entre La Sauvetat et Loubaresse, aux rebords parfois influencés par des dépôts sédimentaires, principalement pâturés et cultivés, de pentes faibles à localement modérées ";"";"4.0";"2";"";"2";"8";"3";"7";"6";"820.0";"1049.0";"972.0";"1";"Caldaguès";""
"43376";"4205";"109";"8786.0";"Plateaux des coulées volcaniques et dépôts glaciaires de la Pinatelle et d'Allanche, inférieurs à 1150 m d'altitude, cultivés et paturés, de pentes modérées à localement fortes";"";"9.0";"3";"";"4";"8";"9";"6";"5";"797.0";"1238.0";"1076.0";"1";"";""
"43319";"4205";"69";"20151.0";"Plateaux ondulés de Cantalès, Glénat, Parlan et Ytrac, sur micaschiste, à usages mixtes, de pentes modérées à localement fortes";"";"5.0";"3";"";"4";"3";"";"6";"2";"364.0";"762.0";"618.0";"1";"";""
"43349";"4205";"45";"1380.0";"Versants et vallées encaissées granitiques du Caldaguès entre St-Rémy-de-Chaudes-Aigues, Saint-Marc et localement sur Sainte-Marie, pouvant présenter parfois des influences volcaniques, principalement boisés, de pentes fortes ";"";"8.0";"2";"";"2";"3";"";"13";"6";"648.0";"1082.0";"886.0";"1";"Caldaguès";""
"43377";"4205";"1091";"2096.0";"Plateaux des coulées volcaniques et dépôts glaciaires de la Pinatelle et d'Allanche, inférieurs à 1150 m d'altitude, forestiers à pins sylvestres, de pentes modérées à localement fortes ";"";"4.0";"3";"";"4";"8";"9";"6";"0";"996.0";"1260.0";"1137.0";"1";"";""
"43304";"4205";"38";"9983.0";"Plateaux inclinés des coulées basaltiques et des dépôts glaciaires de la Planèze de Pierrefort, Saint-Simon, Roudadou, Badailhac, Malbo et de Pailherols, compris entre 600 mm et 1100 mm de bilan hydrique annuel, principalement pâturés et cultivés, de pentes faibles à modérées";"";"8.0";"2";"";"3";"8";"3";"13";"6";"786.0";"1568.0";"1141.0";"";"";""
"43350";"4205";"46";"8940.0";"Collines et plateaux granitiques du Caldaguès entre Jabrun et Saint-Just, pouvant présenter des influences volcaniques, principalement paturés, de pentes modérés à localement fortes";"";"7.0";"2";"";"2";"3";"";"6";"6";"786.0";"1272.0";"1011.0";"1";"Caldaguès";""
"43320";"4205";"70";"7243.0";"Plateau de Veyrières à Saint-Illide sur gneiss, principalement agricole, de pentes modérées à localement fortes";"";"9.0";"3";"";"4";"3";"";"6";"2";"255.0";"778.0";"595.0";"1";"";""
"43378";"4205";"112";"7020.0";"Plateaux des coulées basaltiques et dépôts glaciaires de Landeyrat, inférieur à 1150 m d'altitude, principalement paturés, de pentes modérées à localement fortes";"";"6.0";"";"";"5";"8";"9";"6";"3";"957.0";"1237.0";"1111.0";"1";"";""
"43305";"4205";"39";"10798.0";"Edifices volcaniques scoriacés et coulées associées de la chaîne de Rézentières entre Mons et Massiac, principalement pâturés et cultivés, de pentes modérées à fortes";"";"7.0";"2";"";"2";"8";"";"7";"5";"583.0";"1203.0";"1007.0";"";"";""
"43351";"4205";"47";"3163.0";"Collines et plateaux granitiques du Caldaguès entre L'hermet, Jabrun et St-Rémy-de-Chaudes-aigues, pouvant présenter des influences volcaniques, principalement forestiers, de pentes modérés à localement fortes";"";"6.0";"2";"";"2";"3";"";"6";"6";"873.0";"1286.0";"1091.0";"1";"Caldaguès";""
"43321";"4205";"71";"1451.0";"Vallons et vallées des plateaux de Cantalès, Glénat et Parlan sur gneiss et micaschistes, à usages mixtes, de pentes modérées à localement fortes";"";"5.0";"3";"";"3";"3";"";"5";"1";"255.0";"799.0";"573.0";"1";"";""
"43379";"4205";"113";"10890.0";"Plateaux des coulées volcaniques et dépôts glaciaires de Montboudif, Marcenat et d'Allanche, supérieurs à 1150 m d'altitude, paturés et d'estives, de pentes modérées à fortes";"";"10.0";"3";"";"4";"8";"9";"6";"2";"862.0";"1445.0";"1222.0";"1";"";""
"43306";"4205";"40";"2288.0";"Pointements et coulées volcaniques ponctuels dispersés au sein du socle entre Neuvéglise, Saint-Just et Saint-Poncy, à usages mixtes, de pentes faibles à localement fortes ";"";"7.0";"2";"";"2";"8";"";"9";"5";"662.0";"1134.0";"977.0";"";"";""
"43322";"4205";"72";"5122.0";"Rebords des plateaux volcaniques de Barriac-les-Bosquets à Saint-Cernin sur matériaux divers (brèches, sables argileux oligocènes et gneiss), paturés et forestiers, de pentes modérées à localement fortes";"";"13.0";"3";"";"3";"2";"";"16";"1";"484.0";"846.0";"684.0";"1";"";""
"43307";"4205";"42";"2327.0";"Bassin de Saint-Flour et versants périphériques sur sables-argileux, avalanche de débris et alluvions-colluvions diverses, principalement pâturés et cultivés, de pentes faibles à localement fortes";"";"8.0";"2";"";"2";"3";"";"6";"2";"782.0";"961.0";"864.0";"1";"";""
"43323";"4205";"73";"7021.0";"Rebords des avalanche de débris entre Girgols et Aurillac, sur matériaux divers (sables-argileux parfois carbonatés, brèche d'avalanche de débris), paturés et forestiers, de pentes faibles à très fortes";"";"9.0";"3";"";"3";"2";"";"16";"2";"550.0";"912.0";"688.0";"1";"";""
"43380";"4205";"115";"5501.0";"Plateaux ondulés du socle cristallin et cristallophyllien de l'Artense souvent recouverts par des dépôts glaciaires volcaniques, principalement forestiers, de pentes moyennes à localement fortes  ";"";"6.0";"3";"";"2";"9";"";"6";"2";"460.0";"987.0";"813.0";"1";"";""
"43324";"4205";"74";"2711.0";"Bassins de Salins et de Conroc sur brèches et sables argileux oligocènes, à usages mixtes, de pentes faibles à fortes";"";"5.0";"3";"";"3";"2";"";"16";"1";"531.0";"769.0";"653.0";"1";"";""
"43308";"4205";"43";"3633.0";"Bassins intra-socle de Vabres à Lorcières, sur sables-argileux et alluvions-colluvions cristallophylliennes,  principalement pâturés et cultivés, de pentes faibles à localement fortes";"Bassin sédimentaire intra-socle de Saint-Flour principalement pâturé et cultivé, sur sable-argileux et alluvions-colluvions complexes diverses plus ou moins récentes, de pentes faibles à localement fortes";"11.0";"2";"";"2";"5";"3";"6";"2";"758.0";"1063.0";"854.0";"1";"";""
"43381";"4205";"116";"14837.0";"Plateaux ondulés du socle cristallin et cristallophyllien de l'Artense  souvent recouverts par des dépôts glaciaires volcaniques, principalement paturés, de pentes moyennes à localement fortes  ";"";"10.0";"3";"";"1";"9";"10";"6";"2";"460.0";"1198.0";"929.0";"1";"";""
"43325";"4205";"75";"698.0";"Versants des gorges de la Dordogne du Plateau de Saint-Pierre, sur granite et sur migmatite, forestiers, de pentes extrêmes à abruptes";"";"3.0";"3";"";"3";"2";"";"17";"0";"343.0";"617.0";"490.0";"1";"";""
"43382";"4205";"119";"1745.0";"Vallées de l'Allanche et ses affluents, majoritairement en contexte volcanique, principalement paturés, de pentes faibles à localement fortes";"";"7.0";"3";"";"5";"9";"10";"12";"2";"891.0";"1372.0";"1103.0";"1";"";""
"43309";"4205";"44";"1208.0";"Rebords des coulées volcaniques de la chaîne de Rézentières entre Blesles et Neussargues-Moissac et localement sur Marcenat, sur matériaux sédimentaires non carbonatés à localement carbonatés en mélange avec des produits volcaniques et cristallophylliens, à usages mixtes, de pentes modérées à fortes";"";"6.0";"2";"";"2";"3";"";"21";"6";"572.0";"1061.0";"806.0";"1";"";""
"43310";"4205";"52";"6270.0";"Versants de la vallée de l'Alagnon et de l'Allanche principalement sur dépôts glaciaires volcaniques et coulées de basalte, à usages mixtes, de pentes faibles à modérées sur le bas de versant et fortes sur le haut du versant ";"";"9.0";"2";"";"2";"2";"8";"16";"2";"739.0";"1550.0";"1018.0";"1";"";""
"43383";"4205";"124";"11854.0";"Plateaux inclinés des coulées basaltiques, des brèches d'avalanche de débris et des dépôts glaciaires de la planèze du Limon, de la Font-Sainte, et d'Entremont, compris entre 600 et 1100 mm de bilan hydrique annuel, paturés et d'estives, de pentes très faibles à modérées et localement fortes ";"";"10.0";"3";"";"4";"8";"9";"6";"6";"841.0";"1538.0";"1187.0";"1";"";""
"43356";"4205";"55";"1335.0";"Amont de la vallée du Goul, sur brèches d'avalanche de débris et autres produits volcaniques, à usage mixte, de pentes fortes ";"";"6.0";"2";"";"4";"8";"";"13";"6";"780.0";"1363.0";"1023.0";"1";"Carladès";""
"43384";"4205";"125";"77.0";"Pointement du Puy-Mary trachytique probablement recouvert par des dépôts glaciaires, d'estive et forestier, de pentes très fortes à localement faibles";"";"4.0";"";"";"1";"8";"9";"13";"6";"1478.0";"1772.0";"1591.0";"1";"";""
"43311";"4205";"-3";"375.0";"Plans d'eau ";"";"0.0";"";"";"";"";"";"";"";"426.0";"1273.0";"858.0";"";"";""
"43357";"4205";"58";"1642.0";"Bordures sédimentaires du plateau volcanique de Badailhac, sur dépôts sédimentaires carbonatés ou non en mélange avec des brèches d'avalanches de débris et parfois des micaschistes, majoritairement paturées, de pentes modérées à fortes";"";"6.0";"2";"";"2";"3";"";"13";"6";"611.0";"807.0";"718.0";"1";"Carladès";""
"43358";"4205";"59";"4947.0";"Versants des vallées en relief de serre de Saint-Jacques-des-Blats à Laroquevieille sur trachyandésite et avalanche de débris, compris entre 600 et 1100 mm de bilan hydrique annuel, principalement paturés et en estives, de pentes modérées à très fortes";"";"9.0";"3";"";"1";"9";"8";"18";"6";"692.0";"1369.0";"979.0";"1";"Massif du Plomb du Cantal";""
"43385";"4205";"126";"305.0";"Pointements du Puy Griou, de l'Usclade et du Roc d'Hozières, phonolitiques et recouverts de dépôts glaciaires, d'estives et forestiers, de pentes très fortes  ";"";"5.0";"3";"";"1";"8";"9";"";"6";"1139.0";"1681.0";"1371.0";"1";"";""
"43328";"4205";"82";"2702.0";"Versants de la vallée du Mars sur brèches d'avalanche de débris, coulées, dépôts glaciaires et quelques pointements gneissiques, paturés et forestiers, de pentes très fortes à faibles  ";"";"8.0";"3";"";"1";"2";"";"17";"0";"520.0";"1143.0";"770.0";"1";"";""
"43359";"4205";"100";"823.0";"Versants de la vallée de l'Epie sur matériaux volcaniques divers et dépôts glaciaires, à usages mixtes, de pentes modérées à fortes";"";"4.0";"2";"";"6";"9";"8";"3";"6";"958.0";"1510.0";"1214.0";"1";"Planèzes";""
"43386";"4205";"127";"329.0";"Replats sédimentaires intra-socle entre Grisols et Faverolles, sur sables argileux à galets,  principalement paturés et cultivés, de pentes faibles à localement modérées ";"";"3.0";"3";"";"2";"10";"14";"6";"6";"830.0";"886.0";"864.0";"1";"";""
"43330";"4205";"84";"6057.0";"Plateaux et collines de Saint-Chamant et de la planèze de Salers sur brèches d'avalanche de débris, principalement paturés, de pentes modérées à localement fortes";"";"5.0";"3";"";"1";"8";"";"";"2";"636.0";"1057.0";"766.0";"1";"";""
"43331";"4205";"85";"3485.0";"Fond des vallées glaciaires de L'Authre, de la Bertrande, de la Doire, de la Jordanne et de la Maronne sur alluvions-colluvions et dépôts glaciaires mixtes majoritairement volcaniques, principalement paturés, de pentes faibles à modérées";"";"11.0";"3";"";"1";"9";"";"3";"2";"531.0";"1257.0";"656.0";"1";"";""
"43389";"4205";"132";"5600.0";"Versants et glacis des massifs de l'Inselgebirge entre Vabres, La Bromesterie, Chanteloube et le Mont Mouchet, à tendance micaschisteux et du complexe leptyno-amphibolique, principalement forestiers et d'estives, de pentes modérées à très fortes ";"";"5.0";"3";"";"1";"10";"2";"13";"0";"874.0";"1416.0";"1180.0";"1";"";""
"43333";"4205";"87";"13909.0";"Amont des vallées de l'Aspre et de la Bertrande, sur trachyandésite et produits glaciaires, supérieurs à 1100 mm de bilan hydrique annuel, forestiers et d'estives, de pentes fortes à abruptes";"";"3.0";"3";"";"1";"2";"";"17";"6";"727.0";"1797.0";"1191.0";"1";"";""
"43391";"4205";"134";"313.0";"Versants ondulés de Lorcières sur sables argileux en mélange avec des épandages basaltiques, principalement paturés et cultivés, de pentes faibles à modérées ";"";"4.0";"3";"";"2";"10";"14";"13";"6";"798.0";"996.0";"880.0";"1";"";""
"43392";"4205";"135";"2798.0";"Collines, plateaux ondulés et petites vallées encaissées de la Margeride entre Ruynes-en-Margeride et Feyrolettes, cristallophylliens, principalement pâturés et cultivés, de pentes faibles à fortes et ponctuellement très fortes ";"";"4.0";"3";"";"4";"10";"";"6";"6";"792.0";"1324.0";"996.0";"1";"";""
"43335";"4205";"89";"3411.0";"Plateau de Saint-Pierre sur sables-argileux et granite, paturé et cultivé, de pentes faibles à modérées";"";"4.0";"3";"";"3";"3";"";"9";"3";"477.0";"661.0";"589.0";"1";"";""
"43336";"4205";"90";"111.0";"Vallons humides du plateau de Champagnac, sur sables-argileux et granite, principalement pâturés, de pentes faibles à localement fortes";"";"4.0";"3";"";"3";"3";"";"4";"3";"499.0";"621.0";"578.0";"1";"";""
"43337";"4205";"91";"332.0";"Fonds des vallées du fossé houiller entre Ydes et Jaleyrac, sur matériaux divers, à usages mixtes, de pentes faibles à localement fortes";"";"2.0";"3";"";"3";"2";"";"4";"2";"354.0";"531.0";"423.0";"1";"";""
"43395";"4205";"1710";"438.0";"Vallons et replats > 900 m du Nord Aveyron et Sud Cantal, sur coulées basaltiques,  majoritairement pâturés, de pentes faibles à modérées";"";"5.0";"3";"";"8";"8";"10";"2";"6";"1071.0";"1353.0";"1219.0";"1";"";""
"43339";"4205";"95";"3663.0";"Versants ondulés entre Saignes et Jaleyrac, sur sables-argileux en mélange avec des produits volcaniques divers, à usages mixtes, de pentes modérées à très fortes";"";"7.0";"3";"";"1";"2";"";"16";"1";"401.0";"820.0";"625.0";"1";"";""
"43396";"4205";"1720";"249.0";"Plateaux ondulés > 900  m du Nord Aveyron et Sud Cantal, sur coulées basaltiques en mélange parfois avec les granites et micaschistes, pâturés et forestiers, de pentes faibles à modérées et localement fortes";"";"6.0";"3";"";"1";"8";"9";"6";"6";"1120.0";"1289.0";"1216.0";"1";"";""
"43397";"4205";"1721";"2544.0";"Plateaux ondulés > 900  m du Nord Aveyron et Sud Cantal, sur coulées basaltiques, paturés et forestiers, de pentes faibles à modérées et localement fortes ";"";"6.0";"3";"";"1";"8";"9";"6";"5";"1069.0";"1424.0";"1271.0";"1";"";""
"43398";"4205";"48";"1878.0";"Vallons et replats des dépressions à alvéoles des massifs cristallins et des dépôts glaciaires du Caldaguès entre L'hermet, La Trinitat et Saint-Urcize, parfois influencés par du volcanisme, pâturés et boisés, de pentes faibles à ponctuellement modérées ";"";"5.0";"3";"";"4";"10";"";"2";"6";"891.0";"1277.0";"1080.0";"1";"";""
"43399";"4205";"791";"3096.0";"Petits plateaux inclinés et pointements isolés des coulées basaltiques de l'Artense,  recouverts par des dépôts glaciaires mixtes, paturés et forestiers, de pentes faibles à modérées et localement fortes";"";"11.0";"3";"";"2";"8";"9";"6";"6";"590.0";"1135.0";"1022.0";"1";"";""
"43740";"4205";"-6";"2978.0";"Zones urbanisées ";"";"0.0";"";"";"";"";"";"";"";"258.0";"917.0";"638.0";"";"";""
"43741";"4205";"-7";"273.0";"Carrière";"";"0.0";"";"";"";"";"";"";"";"429.0";"1066.0";"826.0";"";"";""
"43742";"4205";"-4";"3414.0";"Cours d'eau";"";"0.0";"";"";"";"";"";"";"";"254.0";"773.0";"542.0";"";"";""
"25830";"4205";"2";"2419.0";"Versants abrupts granitiques des gorges de la Cère, la Rance, de l'Auze, de Langairoux  et de la Maronne, principalement forestiers, de pentes moyennes à très fortes";"";"5.0";"3";"";"2";"3";"";"";"0";"279.0";"676.0";"505.0";"";"";""
"25836";"4205";"6";"20483.0";"Versants et vallées encaissées des massifs micaschisteux et ponctuellement cristallins de Raulhac à Quézac, ponctuellement influencés par des dépôts glaciaires remaniant des matériaux volcaniques au contact avec le massif volcanique et les grandes vallées glaciaires, forestiers et paturés, de pentes moyennes à fortes ";"";"7.0";"3";"";"6";"2";"";"17";"0";"191.0";"818.0";"527.0";"1";"";""
"25832";"4205";"4";"1138.0";"Buttes (Puech) des dépressions à alvéoles du massif granitique de Glenat et la Ségalassière, princialement boisée, de pentes moyennes à fortes ";"";"3.0";"3";"";"2";"3";"";"7";"0";"499.0";"743.0";"615.0";"";"";""
"26262";"4205";"21";"2433.0";"Vallées sinueuses et vallons des massifs granitiques de Leucamp à Senezergue, à usages mixtes, de pentes faibles à localement fortes ";"";"6.0";"3";"";"5";"5";"";"11";"2";"314.0";"745.0";"574.0";"";"";""
"43363";"4205";"80";"4941.0";"Rebords des coulées de Pleaux, Mauriac, Moussages et St-Saturnin sur divers matériaux en mélange (avalanche de débris, sédimentaires non carbonaté, dépôts glaciaires et micaschistes), à usages mixtes, de pentes moyennes à fortes";"";"10.0";"3";"";"3";"2";"";"16";"1";"494.0";"1046.0";"710.0";"1";"";""
"43340";"4205";"56";"11292.0";"Versants glissés des vallées de l'Authre, de la Bertrande, de la Cère, de la Doire, de la Jordanne et de la Maronne et rebords du plateau volcanique de Badailhac, sur brèches d'avalanche de débris et dépôts glaciaires et fluvioglaciaires, à usages mixtes, de pentes modérées et localement fortes en haut de pente";"";"10.0";"3";"";"1";"9";"";"13";"6";"635.0";"1121.0";"798.0";"1";"";""
"43372";"4205";"102";"1217.0";"Versants de la vallée de la Véronne sur brèches d'avalanche de débris et dépôts sédimentaires non carbonatés, principalement paturés, de pentes fortes à très fortes   ";"";"7.0";"2";"";"1";"2";"";"13";"6";"847.0";"1245.0";"1042.0";"1";"";""
"43342";"4205";"93";"10267.0";"Plateaux ondulés du socle cristallin et cristallophyllien souvent recouverts par des dépôts glaciaires volcaniques entre la planèze de Trizac et la petite Rhue, principalement paturés ou cultivés, de pentes moyennes à localement fortes  ";"";"10.0";"3";"";"3";"9";"";"13";"2";"420.0";"1058.0";"735.0";"1";"";""
"43300";"4205";"33";"41292.0";"Collines et plateaux de Rézentières et du Caldaguès cristallophylliens entre Massiac, Vieillespesse, Lavastrie et Lieutadès, pouvant présenter parfois des influences volcaniques, principalement pâturés et cultivés, de pentes modérées à localement fortes";"";"12.0";"";"";"2";"3";"";"8";"1";"561.0";"1275.0";"952.0";"";"";""
"43317";"4205";"67";"2133.0";"Coulées basaltiques entre le Monteil et Moussages, inférieures à 600 mm de bilan hydrique annuel, à usages mixtes, de pentes faibles à moyennes ";"";"7.0";"3";"";"3";"8";"";"1";"2";"616.0";"936.0";"822.0";"1";"";""
"43387";"4205";"128";"2448.0";"Collines et plateaux ondulés cristallophylliens du bassin de Saint-Flour, Vabres et Lorcières, parfois influencés par des dépôts sédimentaires sablo-argileux, principalement paturés et cultivés, de pentes modérées à localement fortes ";"";"7.0";"";"";"2";"10";"";"6";"6";"753.0";"905.0";"839.0";"1";"";""
"43388";"4205";"130";"1167.0";"Crêtes ondulées des massifs de l'Inselgebirge entre La Montagne du Gay, La Croix de la Paille et le Mont Mouchet, à tendance micaschisteuse et du complexe leptyno-amphibolique et à forte influence périglaciaire, forestières et d'estives, de pentes faibles à modérées";"";"6.0";"";"";"1";"10";"";"";"6";"1138.0";"1433.0";"1353.0";"1";"";""
"43390";"4205";"1330";"5294.0";"Plateaux ondulés et collines < 750 m de la Chataigneraie et des Boraldes, sur micaschistes, à usages mixtes, de pentes faibles à modérées";"";"4.0";"3";"";"2";"10";"";"6";"6";"296.0";"824.0";"670.0";"1";"";""
"43393";"4205";"137";"3424.0";"Plateaux ondulés et collines entre La Trinitat et Saint- Urcize sur dépôts glaciaires cristallins et volcaniques, pâturés et forestiers, de pentes faibles à modérées";"";"4.0";"3";"";"1";"9";"8";"6";"6";"1001.0";"1285.0";"1154.0";"1";"";""
"43338";"4205";"92";"2166.0";"Fonds et terrasses des vallées de la Rhue et ses affluents, de la Sumène et du Soulou sur alluvions ou dépôts fluvioglaciaires mixtes (cristallophylliens et volcaniques), à usages mixtes, de pentes faibles à modérées";"";"6.0";"";"";"2";"9";"";"4";"2";"405.0";"1032.0";"527.0";"1";"";""
"43355";"4205";"54";"7164.0";"Versants de la vallée du Brézons et rebords des Planèzes de Pierrefort, Malbo et Pailherols, principalement sur brèche d'avalanche de débris et dépôts glaciaires, à usages mixtes, de pentes modérées à fortes";"";"11.0";"2";"";"1";"8";"9";"13";"6";"706.0";"1545.0";"949.0";"1";"Planèzes";""
